getCode,getAccountClass,getAccountType,isPartnerAllowed
LG_COMN_PLANNED_MANHOURS_WEEK,Logistics,,false
LG_COMN_WORKINGDAYS,Logistics,,false
LG_INV_AVGSTOCKVALUE,Logistics,,false
LG_INV_SKU,Logistics,,false
LG_MAHOURS_LOGISTICS_TOTAL,Logistics,,false
LG_QLTY_COMPLAINTS,Logistics,,false
LG_QLTY_ORDERTIME_TOTAL,Logistics,,false
LG_QLTY_RECEIVINGTIME_TOTAL,Logistics,,false
LG_RECV_DELIVERIES,Logistics,,false
LG_RECV_LINES,Logistics,,false
LG_RECV_WEIGHT,Logistics,,false
LG_RETN_LINES,Logistics,,false
LG_SHIP_DELIVERIES,Logistics,,false
LG_SHIP_LINESBULKYP,Logistics,,false
LG_SHIP_LINESSTANDARD,Logistics,,false
LG_SHIP_PACKAGES,Logistics,,false
LG_SHIP_PALLETS,Logistics,,false
LG_SHIP_PICKPOS,Logistics,,false
LG_SHIP_WEIGHT,Logistics,,false
LG_STAFF_OTHER,Logistics,,false
LG_STAFF_WAREH,Logistics,,false
LG_STAFF_WEIGHD,Logistics,,false
LG_WEIGH_PACKAGES,Logistics,,false
NDS_AF52100100,AllocationFormula,,false
NDS_AF52100200,AllocationFormula,,false
NDS_AF52200100,AllocationFormula,,false
NDS_AF52200200,AllocationFormula,,false
NDS_AF52200400,AllocationFormula,,false
NDS_AF52200500,AllocationFormula,,false
NDS_AF52300100,AllocationFormula,,false
NDS_AF52300200,AllocationFormula,,false
NDS_AF52300300,AllocationFormula,,false
NDS_AF52300400,AllocationFormula,,false
NDS_AF52300500,AllocationFormula,,false
NDS_AF52400100,AllocationFormula,,false
NDS_AF52400200,AllocationFormula,,false
NDS_AF52400300,AllocationFormula,,false
NDS_AF52400400,AllocationFormula,,false
NDS_AF52400500,AllocationFormula,,false
NDS_AF52500100,AllocationFormula,,false
NDS_AF53100100,AllocationFormula,,false
NDS_AF53100200,AllocationFormula,,false
NDS_AF53100300,AllocationFormula,,false
NDS_AF53100400,AllocationFormula,,false
NDS_AF53100500,AllocationFormula,,false
NDS_AF53100600,AllocationFormula,,false
NDS_AF53100710,AllocationFormula,,false
NDS_AF53100720,AllocationFormula,,false
NDS_AF53101200,AllocationFormula,,false
NDS_AF53200100,AllocationFormula,,false
NDS_AF53200300,AllocationFormula,,false
NDS_AF53200400,AllocationFormula,,false
NDS_AF53200510,AllocationFormula,,false
NDS_AF53200520,AllocationFormula,,false
NDS_AF53200530,AllocationFormula,,false
NDS_AF53200540,AllocationFormula,,false
NDS_AF53200550,AllocationFormula,,false
NDS_AF53200560,AllocationFormula,,false
NDS_AF53200800,AllocationFormula,,false
NDS_AF53200910,AllocationFormula,,false
NDS_AF53200920,AllocationFormula,,false
NDS_AF53201010,AllocationFormula,,false
NDS_AF53201020,AllocationFormula,,false
NDS_AF53201030,AllocationFormula,,false
NDS_AF53201300,AllocationFormula,,false
NDS_AF53201400,AllocationFormula,,false
NDS_AF53201500,AllocationFormula,,false
NDS_AF53301110,AllocationFormula,,false
NDS_AF53301120,AllocationFormula,,false
NDS_AF53301210,AllocationFormula,,false
NDS_AF53301220,AllocationFormula,,false
NDS_AF53301310,AllocationFormula,,false
NDS_AF53301320,AllocationFormula,,false
NDS_AF53301400,AllocationFormula,,false
NDS_AF53301510,AllocationFormula,,false
NDS_AF53301520,AllocationFormula,,false
NDS_AF53302100,AllocationFormula,,false
NDS_AF53302200,AllocationFormula,,false
NDS_AF53303100,AllocationFormula,,false
NDS_AF53303200,AllocationFormula,,false
NDS_AF53304000,AllocationFormula,,false
NDS_AF53305100,AllocationFormula,,false
NDS_AF53305200,AllocationFormula,,false
NDS_AF53305300,AllocationFormula,,false
NDS_AF53306100,AllocationFormula,,false
NDS_AF53306200,AllocationFormula,,false
NDS_AF53307100,AllocationFormula,,false
NDS_AF53307200,AllocationFormula,,false
NDS_AF53307300,AllocationFormula,,false
NDS_AF53307400,AllocationFormula,,false
NDS_AF53308100,AllocationFormula,,false
NDS_AF53308200,AllocationFormula,,false
NDS_AF53308300,AllocationFormula,,false
NDS_AF53309110,AllocationFormula,,false
NDS_AF53309120,AllocationFormula,,false
NDS_AF53309130,AllocationFormula,,false
NDS_AF53309210,AllocationFormula,,false
NDS_AF53309220,AllocationFormula,,false
NDS_AF53309230,AllocationFormula,,false
NDS_AF53309240,AllocationFormula,,false
NDS_AF53310100,AllocationFormula,,false
NDS_AF53310200,AllocationFormula,,false
NDS_AF53310300,AllocationFormula,,false
NDS_AF53310400,AllocationFormula,,false
NDS_AF53310500,AllocationFormula,,false
NDS_AF53310600,AllocationFormula,,false
NDS_AF53310700,AllocationFormula,,false
NDS_AF53311100,AllocationFormula,,false
NDS_AF53311200,AllocationFormula,,false
NDS_AF53311310,AllocationFormula,,false
NDS_AF53311320,AllocationFormula,,false
NDS_AF53311410,AllocationFormula,,false
NDS_AF53311420,AllocationFormula,,false
NDS_AF53311511,AllocationFormula,,false
NDS_AF53311512,AllocationFormula,,false
NDS_AF53311521,AllocationFormula,,false
NDS_AF53311522,AllocationFormula,,false
NDS_AF53311523,AllocationFormula,,false
NDS_AF53311524,AllocationFormula,,false
NDS_AF53311525,AllocationFormula,,false
NDS_BS11200100,BalanceSheet,,false
NDS_BS11200200,BalanceSheet,,false
NDS_BS11310100,BalanceSheet,,false
NDS_BS11310100M100,BalanceSheet,,false
NDS_BS11310100M120,BalanceSheet,,false
NDS_BS11310100M135,BalanceSheet,,false
NDS_BS11310100M140,BalanceSheet,,false
NDS_BS11310100M160,BalanceSheet,,false
NDS_BS11310100M170,BalanceSheet,,false
NDS_BS11310100M175,BalanceSheet,,false
NDS_BS11310100M190,BalanceSheet,,false
NDS_BS11310100M200,BalanceSheet,,false
NDS_BS11310100M220,BalanceSheet,,false
NDS_BS11310100M235,BalanceSheet,,false
NDS_BS11310100M240,BalanceSheet,,false
NDS_BS11310100M270,BalanceSheet,,false
NDS_BS11310100M275,BalanceSheet,,false
NDS_BS11310100M290,BalanceSheet,,false
NDS_BS11310200,BalanceSheet,AssetPartner,true
NDS_BS11310200M100,BalanceSheet,,false
NDS_BS11310200M120,BalanceSheet,,false
NDS_BS11310200M135,BalanceSheet,,false
NDS_BS11310200M140,BalanceSheet,,false
NDS_BS11310200M160,BalanceSheet,,false
NDS_BS11310200M170,BalanceSheet,,false
NDS_BS11310200M175,BalanceSheet,,false
NDS_BS11310200M190,BalanceSheet,,false
NDS_BS11310200M200,BalanceSheet,,false
NDS_BS11310200M220,BalanceSheet,,false
NDS_BS11310200M235,BalanceSheet,,false
NDS_BS11310200M240,BalanceSheet,,false
NDS_BS11310200M270,BalanceSheet,,false
NDS_BS11310200M275,BalanceSheet,,false
NDS_BS11310200M290,BalanceSheet,,false
NDS_BS11310300,BalanceSheet,AssetPartner,true
NDS_BS11310300M100,BalanceSheet,,false
NDS_BS11310300M120,BalanceSheet,,false
NDS_BS11310300M135,BalanceSheet,,false
NDS_BS11310300M140,BalanceSheet,,false
NDS_BS11310300M160,BalanceSheet,,false
NDS_BS11310300M170,BalanceSheet,,false
NDS_BS11310300M175,BalanceSheet,,false
NDS_BS11310300M190,BalanceSheet,,false
NDS_BS11310300M200,BalanceSheet,,false
NDS_BS11310300M220,BalanceSheet,,false
NDS_BS11310300M235,BalanceSheet,,false
NDS_BS11310300M240,BalanceSheet,,false
NDS_BS11310300M270,BalanceSheet,,false
NDS_BS11310300M275,BalanceSheet,,false
NDS_BS11310300M290,BalanceSheet,,false
NDS_BS11310410,BalanceSheet,,false
NDS_BS11310410M100,BalanceSheet,,false
NDS_BS11310410M120,BalanceSheet,,false
NDS_BS11310410M135,BalanceSheet,,false
NDS_BS11310410M140,BalanceSheet,,false
NDS_BS11310410M160,BalanceSheet,,false
NDS_BS11310410M170,BalanceSheet,,false
NDS_BS11310410M175,BalanceSheet,,false
NDS_BS11310410M190,BalanceSheet,,false
NDS_BS11310410M200,BalanceSheet,,false
NDS_BS11310410M220,BalanceSheet,,false
NDS_BS11310410M235,BalanceSheet,,false
NDS_BS11310410M240,BalanceSheet,,false
NDS_BS11310410M270,BalanceSheet,,false
NDS_BS11310410M275,BalanceSheet,,false
NDS_BS11310410M290,BalanceSheet,,false
NDS_BS11310510,BalanceSheet,,false
NDS_BS11310510M100,BalanceSheet,,false
NDS_BS11310510M120,BalanceSheet,,false
NDS_BS11310510M135,BalanceSheet,,false
NDS_BS11310510M140,BalanceSheet,,false
NDS_BS11310510M160,BalanceSheet,,false
NDS_BS11310510M170,BalanceSheet,,false
NDS_BS11310510M175,BalanceSheet,,false
NDS_BS11310510M190,BalanceSheet,,false
NDS_BS11310520,BalanceSheet,AssetPartner,true
NDS_BS11310520M100,BalanceSheet,,false
NDS_BS11310520M120,BalanceSheet,,false
NDS_BS11310520M135,BalanceSheet,,false
NDS_BS11310520M140,BalanceSheet,,false
NDS_BS11310520M160,BalanceSheet,,false
NDS_BS11310520M170,BalanceSheet,,false
NDS_BS11310520M175,BalanceSheet,,false
NDS_BS11310520M190,BalanceSheet,,false
NDS_BS11310600,BalanceSheet,,false
NDS_BS11310600M100,BalanceSheet,,false
NDS_BS11310600M120,BalanceSheet,,false
NDS_BS11310600M135,BalanceSheet,,false
NDS_BS11310600M140,BalanceSheet,,false
NDS_BS11310600M160,BalanceSheet,,false
NDS_BS11310600M170,BalanceSheet,,false
NDS_BS11310600M175,BalanceSheet,,false
NDS_BS11310600M190,BalanceSheet,,false
NDS_BS11310600M200,BalanceSheet,,false
NDS_BS11310600M220,BalanceSheet,,false
NDS_BS11310600M235,BalanceSheet,,false
NDS_BS11310600M240,BalanceSheet,,false
NDS_BS11310600M270,BalanceSheet,,false
NDS_BS11310600M275,BalanceSheet,,false
NDS_BS11310600M290,BalanceSheet,,false
NDS_BS11310700,BalanceSheet,,false
NDS_BS11310700M100,BalanceSheet,,false
NDS_BS11310700M120,BalanceSheet,,false
NDS_BS11310700M135,BalanceSheet,,false
NDS_BS11310700M140,BalanceSheet,,false
NDS_BS11310700M160,BalanceSheet,,false
NDS_BS11310700M170,BalanceSheet,,false
NDS_BS11310700M175,BalanceSheet,,false
NDS_BS11310700M190,BalanceSheet,,false
NDS_BS11310700M200,BalanceSheet,,false
NDS_BS11310700M220,BalanceSheet,,false
NDS_BS11310700M235,BalanceSheet,,false
NDS_BS11310700M240,BalanceSheet,,false
NDS_BS11310700M270,BalanceSheet,,false
NDS_BS11310700M275,BalanceSheet,,false
NDS_BS11310700M290,BalanceSheet,,false
NDS_BS11320110,BalanceSheet,,false
NDS_BS11320110M100,BalanceSheet,,false
NDS_BS11320110M120,BalanceSheet,,false
NDS_BS11320110M135,BalanceSheet,,false
NDS_BS11320110M140,BalanceSheet,,false
NDS_BS11320110M160,BalanceSheet,,false
NDS_BS11320110M170,BalanceSheet,,false
NDS_BS11320110M175,BalanceSheet,,false
NDS_BS11320110M190,BalanceSheet,,false
NDS_BS11320110M200,BalanceSheet,,false
NDS_BS11320110M220,BalanceSheet,,false
NDS_BS11320110M235,BalanceSheet,,false
NDS_BS11320110M240,BalanceSheet,,false
NDS_BS11320110M270,BalanceSheet,,false
NDS_BS11320110M275,BalanceSheet,,false
NDS_BS11320110M290,BalanceSheet,,false
NDS_BS11320111,BalanceSheet,,false
NDS_BS11320111M100,BalanceSheet,,false
NDS_BS11320111M120,BalanceSheet,,false
NDS_BS11320111M135,BalanceSheet,,false
NDS_BS11320111M140,BalanceSheet,,false
NDS_BS11320111M160,BalanceSheet,,false
NDS_BS11320111M170,BalanceSheet,,false
NDS_BS11320111M175,BalanceSheet,,false
NDS_BS11320111M190,BalanceSheet,,false
NDS_BS11320111M200,BalanceSheet,,false
NDS_BS11320111M220,BalanceSheet,,false
NDS_BS11320111M235,BalanceSheet,,false
NDS_BS11320111M240,BalanceSheet,,false
NDS_BS11320111M270,BalanceSheet,,false
NDS_BS11320111M275,BalanceSheet,,false
NDS_BS11320111M290,BalanceSheet,,false
NDS_BS11320120,BalanceSheet,,false
NDS_BS11320120M100,BalanceSheet,,false
NDS_BS11320120M120,BalanceSheet,,false
NDS_BS11320120M135,BalanceSheet,,false
NDS_BS11320120M140,BalanceSheet,,false
NDS_BS11320120M160,BalanceSheet,,false
NDS_BS11320120M170,BalanceSheet,,false
NDS_BS11320120M175,BalanceSheet,,false
NDS_BS11320120M190,BalanceSheet,,false
NDS_BS11320120M200,BalanceSheet,,false
NDS_BS11320120M220,BalanceSheet,,false
NDS_BS11320120M235,BalanceSheet,,false
NDS_BS11320120M240,BalanceSheet,,false
NDS_BS11320120M270,BalanceSheet,,false
NDS_BS11320120M275,BalanceSheet,,false
NDS_BS11320120M290,BalanceSheet,,false
NDS_BS11320121,BalanceSheet,,false
NDS_BS11320121M100,BalanceSheet,,false
NDS_BS11320121M120,BalanceSheet,,false
NDS_BS11320121M135,BalanceSheet,,false
NDS_BS11320121M140,BalanceSheet,,false
NDS_BS11320121M160,BalanceSheet,,false
NDS_BS11320121M170,BalanceSheet,,false
NDS_BS11320121M175,BalanceSheet,,false
NDS_BS11320121M190,BalanceSheet,,false
NDS_BS11320121M200,BalanceSheet,,false
NDS_BS11320121M220,BalanceSheet,,false
NDS_BS11320121M235,BalanceSheet,,false
NDS_BS11320121M240,BalanceSheet,,false
NDS_BS11320121M270,BalanceSheet,,false
NDS_BS11320121M275,BalanceSheet,,false
NDS_BS11320121M290,BalanceSheet,,false
NDS_BS11320130,BalanceSheet,,false
NDS_BS11320130M100,BalanceSheet,,false
NDS_BS11320130M120,BalanceSheet,,false
NDS_BS11320130M135,BalanceSheet,,false
NDS_BS11320130M140,BalanceSheet,,false
NDS_BS11320130M160,BalanceSheet,,false
NDS_BS11320130M170,BalanceSheet,,false
NDS_BS11320130M175,BalanceSheet,,false
NDS_BS11320130M190,BalanceSheet,,false
NDS_BS11320130M200,BalanceSheet,,false
NDS_BS11320130M220,BalanceSheet,,false
NDS_BS11320130M235,BalanceSheet,,false
NDS_BS11320130M240,BalanceSheet,,false
NDS_BS11320130M270,BalanceSheet,,false
NDS_BS11320130M275,BalanceSheet,,false
NDS_BS11320130M290,BalanceSheet,,false
NDS_BS11320131,BalanceSheet,,false
NDS_BS11320131M100,BalanceSheet,,false
NDS_BS11320131M120,BalanceSheet,,false
NDS_BS11320131M135,BalanceSheet,,false
NDS_BS11320131M140,BalanceSheet,,false
NDS_BS11320131M160,BalanceSheet,,false
NDS_BS11320131M170,BalanceSheet,,false
NDS_BS11320131M175,BalanceSheet,,false
NDS_BS11320131M190,BalanceSheet,,false
NDS_BS11320131M200,BalanceSheet,,false
NDS_BS11320131M220,BalanceSheet,,false
NDS_BS11320131M235,BalanceSheet,,false
NDS_BS11320131M240,BalanceSheet,,false
NDS_BS11320131M270,BalanceSheet,,false
NDS_BS11320131M275,BalanceSheet,,false
NDS_BS11320131M290,BalanceSheet,,false
NDS_BS11320140,BalanceSheet,,false
NDS_BS11320140M100,BalanceSheet,,false
NDS_BS11320140M120,BalanceSheet,,false
NDS_BS11320140M135,BalanceSheet,,false
NDS_BS11320140M140,BalanceSheet,,false
NDS_BS11320140M160,BalanceSheet,,false
NDS_BS11320140M170,BalanceSheet,,false
NDS_BS11320140M175,BalanceSheet,,false
NDS_BS11320140M190,BalanceSheet,,false
NDS_BS11320140M200,BalanceSheet,,false
NDS_BS11320140M220,BalanceSheet,,false
NDS_BS11320140M235,BalanceSheet,,false
NDS_BS11320140M240,BalanceSheet,,false
NDS_BS11320140M270,BalanceSheet,,false
NDS_BS11320140M275,BalanceSheet,,false
NDS_BS11320140M290,BalanceSheet,,false
NDS_BS11320141,BalanceSheet,,false
NDS_BS11320141M100,BalanceSheet,,false
NDS_BS11320141M120,BalanceSheet,,false
NDS_BS11320141M135,BalanceSheet,,false
NDS_BS11320141M140,BalanceSheet,,false
NDS_BS11320141M160,BalanceSheet,,false
NDS_BS11320141M170,BalanceSheet,,false
NDS_BS11320141M175,BalanceSheet,,false
NDS_BS11320141M190,BalanceSheet,,false
NDS_BS11320141M200,BalanceSheet,,false
NDS_BS11320141M220,BalanceSheet,,false
NDS_BS11320141M235,BalanceSheet,,false
NDS_BS11320141M240,BalanceSheet,,false
NDS_BS11320141M270,BalanceSheet,,false
NDS_BS11320141M275,BalanceSheet,,false
NDS_BS11320141M290,BalanceSheet,,false
NDS_BS11320200,BalanceSheet,,false
NDS_BS11320200M100,BalanceSheet,,false
NDS_BS11320200M120,BalanceSheet,,false
NDS_BS11320200M135,BalanceSheet,,false
NDS_BS11320200M140,BalanceSheet,,false
NDS_BS11320200M160,BalanceSheet,,false
NDS_BS11320200M170,BalanceSheet,,false
NDS_BS11320200M175,BalanceSheet,,false
NDS_BS11320200M190,BalanceSheet,,false
NDS_BS11320200M200,BalanceSheet,,false
NDS_BS11320200M220,BalanceSheet,,false
NDS_BS11320200M235,BalanceSheet,,false
NDS_BS11320200M240,BalanceSheet,,false
NDS_BS11320200M270,BalanceSheet,,false
NDS_BS11320200M275,BalanceSheet,,false
NDS_BS11320200M290,BalanceSheet,,false
NDS_BS11320201,BalanceSheet,,false
NDS_BS11320201M100,BalanceSheet,,false
NDS_BS11320201M120,BalanceSheet,,false
NDS_BS11320201M135,BalanceSheet,,false
NDS_BS11320201M140,BalanceSheet,,false
NDS_BS11320201M160,BalanceSheet,,false
NDS_BS11320201M170,BalanceSheet,,false
NDS_BS11320201M175,BalanceSheet,,false
NDS_BS11320201M190,BalanceSheet,,false
NDS_BS11320201M200,BalanceSheet,,false
NDS_BS11320201M220,BalanceSheet,,false
NDS_BS11320201M235,BalanceSheet,,false
NDS_BS11320201M240,BalanceSheet,,false
NDS_BS11320201M270,BalanceSheet,,false
NDS_BS11320201M275,BalanceSheet,,false
NDS_BS11320201M290,BalanceSheet,,false
NDS_BS11320310,BalanceSheet,,false
NDS_BS11320310M100,BalanceSheet,,false
NDS_BS11320310M120,BalanceSheet,,false
NDS_BS11320310M135,BalanceSheet,,false
NDS_BS11320310M140,BalanceSheet,,false
NDS_BS11320310M160,BalanceSheet,,false
NDS_BS11320310M170,BalanceSheet,,false
NDS_BS11320310M175,BalanceSheet,,false
NDS_BS11320310M190,BalanceSheet,,false
NDS_BS11320310M200,BalanceSheet,,false
NDS_BS11320310M220,BalanceSheet,,false
NDS_BS11320310M235,BalanceSheet,,false
NDS_BS11320310M240,BalanceSheet,,false
NDS_BS11320310M270,BalanceSheet,,false
NDS_BS11320310M275,BalanceSheet,,false
NDS_BS11320310M290,BalanceSheet,,false
NDS_BS11320311,BalanceSheet,,false
NDS_BS11320311M100,BalanceSheet,,false
NDS_BS11320311M120,BalanceSheet,,false
NDS_BS11320311M135,BalanceSheet,,false
NDS_BS11320311M140,BalanceSheet,,false
NDS_BS11320311M160,BalanceSheet,,false
NDS_BS11320311M170,BalanceSheet,,false
NDS_BS11320311M175,BalanceSheet,,false
NDS_BS11320311M190,BalanceSheet,,false
NDS_BS11320311M200,BalanceSheet,,false
NDS_BS11320311M220,BalanceSheet,,false
NDS_BS11320311M235,BalanceSheet,,false
NDS_BS11320311M240,BalanceSheet,,false
NDS_BS11320311M270,BalanceSheet,,false
NDS_BS11320311M275,BalanceSheet,,false
NDS_BS11320311M290,BalanceSheet,,false
NDS_BS11320320,BalanceSheet,,false
NDS_BS11320320M100,BalanceSheet,,false
NDS_BS11320320M120,BalanceSheet,,false
NDS_BS11320320M135,BalanceSheet,,false
NDS_BS11320320M140,BalanceSheet,,false
NDS_BS11320320M160,BalanceSheet,,false
NDS_BS11320320M170,BalanceSheet,,false
NDS_BS11320320M175,BalanceSheet,,false
NDS_BS11320320M190,BalanceSheet,,false
NDS_BS11320320M200,BalanceSheet,,false
NDS_BS11320320M220,BalanceSheet,,false
NDS_BS11320320M235,BalanceSheet,,false
NDS_BS11320320M240,BalanceSheet,,false
NDS_BS11320320M270,BalanceSheet,,false
NDS_BS11320320M275,BalanceSheet,,false
NDS_BS11320320M290,BalanceSheet,,false
NDS_BS11320321,BalanceSheet,,false
NDS_BS11320321M100,BalanceSheet,,false
NDS_BS11320321M120,BalanceSheet,,false
NDS_BS11320321M135,BalanceSheet,,false
NDS_BS11320321M140,BalanceSheet,,false
NDS_BS11320321M160,BalanceSheet,,false
NDS_BS11320321M170,BalanceSheet,,false
NDS_BS11320321M175,BalanceSheet,,false
NDS_BS11320321M190,BalanceSheet,,false
NDS_BS11320321M200,BalanceSheet,,false
NDS_BS11320321M220,BalanceSheet,,false
NDS_BS11320321M235,BalanceSheet,,false
NDS_BS11320321M240,BalanceSheet,,false
NDS_BS11320321M270,BalanceSheet,,false
NDS_BS11320321M275,BalanceSheet,,false
NDS_BS11320321M290,BalanceSheet,,false
NDS_BS11320400,BalanceSheet,,false
NDS_BS11320400M100,BalanceSheet,,false
NDS_BS11320400M120,BalanceSheet,,false
NDS_BS11320400M135,BalanceSheet,,false
NDS_BS11320400M140,BalanceSheet,,false
NDS_BS11320400M160,BalanceSheet,,false
NDS_BS11320400M170,BalanceSheet,,false
NDS_BS11320400M175,BalanceSheet,,false
NDS_BS11320400M190,BalanceSheet,,false
NDS_BS11320400M200,BalanceSheet,,false
NDS_BS11320400M220,BalanceSheet,,false
NDS_BS11320400M235,BalanceSheet,,false
NDS_BS11320400M240,BalanceSheet,,false
NDS_BS11320400M270,BalanceSheet,,false
NDS_BS11320400M275,BalanceSheet,,false
NDS_BS11320400M290,BalanceSheet,,false
NDS_BS11320510,BalanceSheet,,false
NDS_BS11320510M100,BalanceSheet,,false
NDS_BS11320510M120,BalanceSheet,,false
NDS_BS11320510M135,BalanceSheet,,false
NDS_BS11320510M140,BalanceSheet,,false
NDS_BS11320510M160,BalanceSheet,,false
NDS_BS11320510M170,BalanceSheet,,false
NDS_BS11320510M175,BalanceSheet,,false
NDS_BS11320510M190,BalanceSheet,,false
NDS_BS11320520,BalanceSheet,,false
NDS_BS11320520M100,BalanceSheet,,false
NDS_BS11320520M120,BalanceSheet,,false
NDS_BS11320520M135,BalanceSheet,,false
NDS_BS11320520M140,BalanceSheet,,false
NDS_BS11320520M160,BalanceSheet,,false
NDS_BS11320520M170,BalanceSheet,,false
NDS_BS11320520M175,BalanceSheet,,false
NDS_BS11320520M190,BalanceSheet,,false
NDS_BS11320530,BalanceSheet,AssetPartner,true
NDS_BS11320530M100,BalanceSheet,,false
NDS_BS11320530M120,BalanceSheet,,false
NDS_BS11320530M135,BalanceSheet,,false
NDS_BS11320530M140,BalanceSheet,,false
NDS_BS11320530M160,BalanceSheet,,false
NDS_BS11320530M170,BalanceSheet,,false
NDS_BS11320530M175,BalanceSheet,,false
NDS_BS11320530M190,BalanceSheet,,false
NDS_BS11330100,BalanceSheet,AssetPartner,true
NDS_BS11330100M100,BalanceSheet,,false
NDS_BS11330100M120,BalanceSheet,,false
NDS_BS11330100M135,BalanceSheet,,false
NDS_BS11330100M140,BalanceSheet,,false
NDS_BS11330100M170,BalanceSheet,,false
NDS_BS11330100M175,BalanceSheet,,false
NDS_BS11330100M190,BalanceSheet,,false
NDS_BS11330100M200,BalanceSheet,,false
NDS_BS11330100M220,BalanceSheet,,false
NDS_BS11330100M235,BalanceSheet,,false
NDS_BS11330100M240,BalanceSheet,,false
NDS_BS11330100M270,BalanceSheet,,false
NDS_BS11330100M275,BalanceSheet,,false
NDS_BS11330100M290,BalanceSheet,,false
NDS_BS11330100X100,BalanceSheet,,false
NDS_BS11330200,BalanceSheet,AssetPartner,true
NDS_BS11330200M100,BalanceSheet,,false
NDS_BS11330200M120,BalanceSheet,,false
NDS_BS11330200M135,BalanceSheet,,false
NDS_BS11330200M140,BalanceSheet,,false
NDS_BS11330200M170,BalanceSheet,,false
NDS_BS11330200M175,BalanceSheet,,false
NDS_BS11330200M190,BalanceSheet,,false
NDS_BS11330200M200,BalanceSheet,,false
NDS_BS11330200M220,BalanceSheet,,false
NDS_BS11330200M235,BalanceSheet,,false
NDS_BS11330200M240,BalanceSheet,,false
NDS_BS11330200M270,BalanceSheet,,false
NDS_BS11330200M275,BalanceSheet,,false
NDS_BS11330200M290,BalanceSheet,,false
NDS_BS11330310,BalanceSheet,AssetPartner,true
NDS_BS11330310M100,BalanceSheet,,false
NDS_BS11330310M120,BalanceSheet,,false
NDS_BS11330310M135,BalanceSheet,,false
NDS_BS11330310M140,BalanceSheet,,false
NDS_BS11330310M170,BalanceSheet,,false
NDS_BS11330310M175,BalanceSheet,,false
NDS_BS11330310M190,BalanceSheet,,false
NDS_BS11330310M200,BalanceSheet,,false
NDS_BS11330310M220,BalanceSheet,,false
NDS_BS11330310M235,BalanceSheet,,false
NDS_BS11330310M240,BalanceSheet,,false
NDS_BS11330310M270,BalanceSheet,,false
NDS_BS11330310M275,BalanceSheet,,false
NDS_BS11330310M290,BalanceSheet,,false
NDS_BS11330310X100,BalanceSheet,,false
NDS_BS11330320,BalanceSheet,,false
NDS_BS11330320M100,BalanceSheet,,false
NDS_BS11330320M120,BalanceSheet,,false
NDS_BS11330320M135,BalanceSheet,,false
NDS_BS11330320M140,BalanceSheet,,false
NDS_BS11330320M170,BalanceSheet,,false
NDS_BS11330320M175,BalanceSheet,,false
NDS_BS11330320M190,BalanceSheet,,false
NDS_BS11330320M200,BalanceSheet,,false
NDS_BS11330320M220,BalanceSheet,,false
NDS_BS11330320M235,BalanceSheet,,false
NDS_BS11330320M240,BalanceSheet,,false
NDS_BS11330320M270,BalanceSheet,,false
NDS_BS11330320M275,BalanceSheet,,false
NDS_BS11330320M290,BalanceSheet,,false
NDS_BS11330410,BalanceSheet,AssetPartner,true
NDS_BS11330410M100,BalanceSheet,,false
NDS_BS11330410M120,BalanceSheet,,false
NDS_BS11330410M135,BalanceSheet,,false
NDS_BS11330410M140,BalanceSheet,,false
NDS_BS11330410M170,BalanceSheet,,false
NDS_BS11330410M175,BalanceSheet,,false
NDS_BS11330410M190,BalanceSheet,,false
NDS_BS11330410M200,BalanceSheet,,false
NDS_BS11330410M220,BalanceSheet,,false
NDS_BS11330410M235,BalanceSheet,,false
NDS_BS11330410M240,BalanceSheet,,false
NDS_BS11330410M270,BalanceSheet,,false
NDS_BS11330410M275,BalanceSheet,,false
NDS_BS11330410M290,BalanceSheet,,false
NDS_BS11330420,BalanceSheet,,false
NDS_BS11330420M100,BalanceSheet,,false
NDS_BS11330420M120,BalanceSheet,,false
NDS_BS11330420M135,BalanceSheet,,false
NDS_BS11330420M140,BalanceSheet,,false
NDS_BS11330420M170,BalanceSheet,,false
NDS_BS11330420M175,BalanceSheet,,false
NDS_BS11330420M190,BalanceSheet,,false
NDS_BS11330420M200,BalanceSheet,,false
NDS_BS11330420M220,BalanceSheet,,false
NDS_BS11330420M235,BalanceSheet,,false
NDS_BS11330420M240,BalanceSheet,,false
NDS_BS11330420M270,BalanceSheet,,false
NDS_BS11330420M275,BalanceSheet,,false
NDS_BS11330420M290,BalanceSheet,,false
NDS_BS11330510,BalanceSheet,AssetPartner,true
NDS_BS11330510M100,BalanceSheet,,false
NDS_BS11330510M120,BalanceSheet,,false
NDS_BS11330510M135,BalanceSheet,,false
NDS_BS11330510M140,BalanceSheet,,false
NDS_BS11330510M170,BalanceSheet,,false
NDS_BS11330510M175,BalanceSheet,,false
NDS_BS11330510M190,BalanceSheet,,false
NDS_BS11330510M200,BalanceSheet,,false
NDS_BS11330510M220,BalanceSheet,,false
NDS_BS11330510M235,BalanceSheet,,false
NDS_BS11330510M240,BalanceSheet,,false
NDS_BS11330510M270,BalanceSheet,,false
NDS_BS11330510M275,BalanceSheet,,false
NDS_BS11330510M290,BalanceSheet,,false
NDS_BS11330520,BalanceSheet,,false
NDS_BS11330520M100,BalanceSheet,,false
NDS_BS11330520M120,BalanceSheet,,false
NDS_BS11330520M135,BalanceSheet,,false
NDS_BS11330520M140,BalanceSheet,,false
NDS_BS11330520M170,BalanceSheet,,false
NDS_BS11330520M175,BalanceSheet,,false
NDS_BS11330520M190,BalanceSheet,,false
NDS_BS11330520M200,BalanceSheet,,false
NDS_BS11330520M220,BalanceSheet,,false
NDS_BS11330520M235,BalanceSheet,,false
NDS_BS11330520M240,BalanceSheet,,false
NDS_BS11330520M270,BalanceSheet,,false
NDS_BS11330520M275,BalanceSheet,,false
NDS_BS11330520M290,BalanceSheet,,false
NDS_BS11330530,BalanceSheet,,false
NDS_BS11330530M100,BalanceSheet,,false
NDS_BS11330530M120,BalanceSheet,,false
NDS_BS11330530M135,BalanceSheet,,false
NDS_BS11330530M140,BalanceSheet,,false
NDS_BS11330530M170,BalanceSheet,,false
NDS_BS11330530M175,BalanceSheet,,false
NDS_BS11330530M190,BalanceSheet,,false
NDS_BS11330530M200,BalanceSheet,,false
NDS_BS11330530M220,BalanceSheet,,false
NDS_BS11330530M235,BalanceSheet,,false
NDS_BS11330530M240,BalanceSheet,,false
NDS_BS11330530M270,BalanceSheet,,false
NDS_BS11330530M275,BalanceSheet,,false
NDS_BS11330530M290,BalanceSheet,,false
NDS_BS11330540,BalanceSheet,,false
NDS_BS11330540M100,BalanceSheet,,false
NDS_BS11330540M120,BalanceSheet,,false
NDS_BS11330540M135,BalanceSheet,,false
NDS_BS11330540M140,BalanceSheet,,false
NDS_BS11330540M170,BalanceSheet,,false
NDS_BS11330540M175,BalanceSheet,,false
NDS_BS11330540M190,BalanceSheet,,false
NDS_BS11330540M200,BalanceSheet,,false
NDS_BS11330540M220,BalanceSheet,,false
NDS_BS11330540M235,BalanceSheet,,false
NDS_BS11330540M240,BalanceSheet,,false
NDS_BS11330540M270,BalanceSheet,,false
NDS_BS11330540M275,BalanceSheet,,false
NDS_BS11330540M290,BalanceSheet,,false
NDS_BS11330600,BalanceSheet,,false
NDS_BS11330600M100,BalanceSheet,,false
NDS_BS11330600M120,BalanceSheet,,false
NDS_BS11330600M135,BalanceSheet,,false
NDS_BS11330600M140,BalanceSheet,,false
NDS_BS11330600M170,BalanceSheet,,false
NDS_BS11330600M175,BalanceSheet,,false
NDS_BS11330600M190,BalanceSheet,,false
NDS_BS11330600M200,BalanceSheet,,false
NDS_BS11330600M220,BalanceSheet,,false
NDS_BS11330600M235,BalanceSheet,,false
NDS_BS11330600M240,BalanceSheet,,false
NDS_BS11330600M270,BalanceSheet,,false
NDS_BS11330600M275,BalanceSheet,,false
NDS_BS11330600M290,BalanceSheet,,false
NDS_BS11410000,BalanceSheet,,true
NDS_BS11450100,BalanceSheet,,true
NDS_BS11450900,BalanceSheet,,true
NDS_BS11451100,BalanceSheet,,true
NDS_BS11500000,BalanceSheet,,false
NDS_BS14110100,BalanceSheet,,true
NDS_BS14110200,BalanceSheet,,false
NDS_BS14110300,BalanceSheet,,true
NDS_BS14110400,BalanceSheet,,true
NDS_BS14120100,BalanceSheet,,true
NDS_BS14120200,BalanceSheet,,false
NDS_BS14130000,BalanceSheet,,false
NDS_BS14310000,BalanceSheet,,true
NDS_BS14320000,BalanceSheet,,true
NDS_BS14330000,BalanceSheet,,true
NDS_BS14340100,BalanceSheet,,true
NDS_BS14340200,BalanceSheet,,false
NDS_BS14340300,BalanceSheet,,true
NDS_BS14340400,BalanceSheet,,true
NDS_BS14340500,BalanceSheet,,true
NDS_BS14340900,BalanceSheet,,true
NDS_BS14341000,BalanceSheet,,true
NDS_BS14341100,BalanceSheet,,true
NDS_BS14510000,BalanceSheet,,false
NDS_BS14520000,BalanceSheet,,false
NDS_BS14530000,BalanceSheet,,false
NDS_BS14535000,BalanceSheet,,false
NDS_BS14540000,BalanceSheet,,false
NDS_BS14550000,BalanceSheet,,false
NDS_BS14710000,BalanceSheet,,false
NDS_BS14720000,BalanceSheet,,false
NDS_BS14730000,BalanceSheet,,false
NDS_BS14740000,BalanceSheet,,false
NDS_BS14750000,BalanceSheet,,true
NDS_BS21110000,BalanceSheet,,false
NDS_BS21110000M300,BalanceSheet,,false
NDS_BS21110000M340,BalanceSheet,,false
NDS_BS21110000M360,BalanceSheet,,false
NDS_BS21110000M370,BalanceSheet,,false
NDS_BS21110000M395,BalanceSheet,,false
NDS_BS21120000,BalanceSheet,,false
NDS_BS21120000M300,BalanceSheet,,false
NDS_BS21120000M340,BalanceSheet,,false
NDS_BS21120000M360,BalanceSheet,,false
NDS_BS21120000M370,BalanceSheet,,false
NDS_BS21120000M395,BalanceSheet,,false
NDS_BS21130100,BalanceSheet,,false
NDS_BS21130100M300,BalanceSheet,,false
NDS_BS21130100M340,BalanceSheet,,false
NDS_BS21130100M360,BalanceSheet,,false
NDS_BS21130100M370,BalanceSheet,,false
NDS_BS21130100M395,BalanceSheet,,false
NDS_BS21130200,BalanceSheet,,false
NDS_BS21130200M300,BalanceSheet,,false
NDS_BS21130200M340,BalanceSheet,,false
NDS_BS21130200M360,BalanceSheet,,false
NDS_BS21130200M370,BalanceSheet,,false
NDS_BS21130200M395,BalanceSheet,,false
NDS_BS21130300,BalanceSheet,,false
NDS_BS21130300M300,BalanceSheet,,false
NDS_BS21130300M340,BalanceSheet,,false
NDS_BS21130300M360,BalanceSheet,,false
NDS_BS21130300M370,BalanceSheet,,false
NDS_BS21130300M395,BalanceSheet,,false
NDS_BS21130400,BalanceSheet,,false
NDS_BS21130400M300,BalanceSheet,,false
NDS_BS21130400M340,BalanceSheet,,false
NDS_BS21130400M360,BalanceSheet,,false
NDS_BS21130400M370,BalanceSheet,,false
NDS_BS21130400M395,BalanceSheet,,false
NDS_BS21130600,BalanceSheet,,false
NDS_BS21130600M300,BalanceSheet,,false
NDS_BS21130600M340,BalanceSheet,,false
NDS_BS21130600M360,BalanceSheet,,false
NDS_BS21130600M370,BalanceSheet,,false
NDS_BS21130600M395,BalanceSheet,,false
NDS_BS21140100,BalanceSheet,,false
NDS_BS21140200,BalanceSheet,,false
NDS_BS21140300,BalanceSheet,,false
NDS_BS21140700,BalanceSheet,,true
NDS_BS21140900,BalanceSheet,,false
NDS_BS21141000,BalanceSheet,,false
NDS_BS24100100,BalanceSheet,,true
NDS_BS24100200,BalanceSheet,,true
NDS_BS24210100,BalanceSheet,,false
NDS_BS24210100M600,BalanceSheet,,false
NDS_BS24210100M610,BalanceSheet,,false
NDS_BS24210100M620,BalanceSheet,,false
NDS_BS24210100M635,BalanceSheet,,false
NDS_BS24210100M670,BalanceSheet,,false
NDS_BS24210100M680,BalanceSheet,,false
NDS_BS24210100M690,BalanceSheet,,false
NDS_BS24210200,BalanceSheet,,false
NDS_BS24210200M600,BalanceSheet,,false
NDS_BS24210200M610,BalanceSheet,,false
NDS_BS24210200M620,BalanceSheet,,false
NDS_BS24210200M635,BalanceSheet,,false
NDS_BS24210200M670,BalanceSheet,,false
NDS_BS24210200M680,BalanceSheet,,false
NDS_BS24210200M690,BalanceSheet,,false
NDS_BS24220100,BalanceSheet,,false
NDS_BS24220100M600,BalanceSheet,,false
NDS_BS24220100M610,BalanceSheet,,false
NDS_BS24220100M620,BalanceSheet,,false
NDS_BS24220100M635,BalanceSheet,,false
NDS_BS24220100M670,BalanceSheet,,false
NDS_BS24220100M680,BalanceSheet,,false
NDS_BS24220100M690,BalanceSheet,,false
NDS_BS24220200,BalanceSheet,,false
NDS_BS24220200M600,BalanceSheet,,false
NDS_BS24220200M610,BalanceSheet,,false
NDS_BS24220200M620,BalanceSheet,,false
NDS_BS24220200M635,BalanceSheet,,false
NDS_BS24220200M670,BalanceSheet,,false
NDS_BS24220200M680,BalanceSheet,,false
NDS_BS24220200M690,BalanceSheet,,false
NDS_BS24230100,BalanceSheet,,false
NDS_BS24230100M600,BalanceSheet,,false
NDS_BS24230100M610,BalanceSheet,,false
NDS_BS24230100M620,BalanceSheet,,false
NDS_BS24230100M635,BalanceSheet,,false
NDS_BS24230100M670,BalanceSheet,,false
NDS_BS24230100M680,BalanceSheet,,false
NDS_BS24230100M690,BalanceSheet,,false
NDS_BS24230200,BalanceSheet,,false
NDS_BS24230200M600,BalanceSheet,,false
NDS_BS24230200M610,BalanceSheet,,false
NDS_BS24230200M620,BalanceSheet,,false
NDS_BS24230200M635,BalanceSheet,,false
NDS_BS24230200M670,BalanceSheet,,false
NDS_BS24230200M680,BalanceSheet,,false
NDS_BS24230200M690,BalanceSheet,,false
NDS_BS24240000,BalanceSheet,,true
NDS_BS24300000,BalanceSheet,,false
NDS_BS24410000,BalanceSheet,,false
NDS_BS24410000M500,BalanceSheet,,false
NDS_BS24410000M520,BalanceSheet,,false
NDS_BS24410000M535,BalanceSheet,,false
NDS_BS24410000M560,BalanceSheet,,false
NDS_BS24410000M570,BalanceSheet,,false
NDS_BS24410000M590,BalanceSheet,,false
NDS_BS24430000,BalanceSheet,,false
NDS_BS24430000M500,BalanceSheet,,false
NDS_BS24430000M520,BalanceSheet,,false
NDS_BS24430000M535,BalanceSheet,,false
NDS_BS24430000M560,BalanceSheet,,false
NDS_BS24430000M570,BalanceSheet,,false
NDS_BS24430000M590,BalanceSheet,,false
NDS_BS24440000,BalanceSheet,,false
NDS_BS24440000M500,BalanceSheet,,false
NDS_BS24440000M520,BalanceSheet,,false
NDS_BS24440000M535,BalanceSheet,,false
NDS_BS24440000M560,BalanceSheet,,false
NDS_BS24440000M570,BalanceSheet,,false
NDS_BS24440000M590,BalanceSheet,,false
NDS_BS24450000,BalanceSheet,,false
NDS_BS24450000M500,BalanceSheet,,false
NDS_BS24450000M520,BalanceSheet,,false
NDS_BS24450000M535,BalanceSheet,,false
NDS_BS24450000M560,BalanceSheet,,false
NDS_BS24450000M570,BalanceSheet,,false
NDS_BS24450000M590,BalanceSheet,,false
NDS_BS24460000,BalanceSheet,,false
NDS_BS24460000M500,BalanceSheet,,false
NDS_BS24460000M520,BalanceSheet,,false
NDS_BS24460000M535,BalanceSheet,,false
NDS_BS24460000M560,BalanceSheet,,false
NDS_BS24460000M570,BalanceSheet,,false
NDS_BS24460000M590,BalanceSheet,,false
NDS_BS24470000,BalanceSheet,,false
NDS_BS24470000M500,BalanceSheet,,false
NDS_BS24470000M520,BalanceSheet,,false
NDS_BS24470000M535,BalanceSheet,,false
NDS_BS24470000M560,BalanceSheet,,false
NDS_BS24470000M570,BalanceSheet,,false
NDS_BS24470000M590,BalanceSheet,,false
NDS_BS24480000,BalanceSheet,,false
NDS_BS24480000M500,BalanceSheet,,false
NDS_BS24480000M520,BalanceSheet,,false
NDS_BS24480000M535,BalanceSheet,,false
NDS_BS24480000M560,BalanceSheet,,false
NDS_BS24480000M570,BalanceSheet,,false
NDS_BS24480000M590,BalanceSheet,,false
NDS_BS24490000,BalanceSheet,,false
NDS_BS24490000M500,BalanceSheet,,false
NDS_BS24490000M520,BalanceSheet,,false
NDS_BS24490000M535,BalanceSheet,,false
NDS_BS24490000M560,BalanceSheet,,false
NDS_BS24490000M570,BalanceSheet,,false
NDS_BS24490000M590,BalanceSheet,,false
NDS_BS24510000,BalanceSheet,,false
NDS_BS24520000,BalanceSheet,,false
NDS_BS24530000,BalanceSheet,,true
NDS_BS24540000,BalanceSheet,,true
NDS_BS24550000,BalanceSheet,,true
NDS_BS24560000,BalanceSheet,,true
NDS_BS24570000,BalanceSheet,,true
NDS_BS24600000,BalanceSheet,,false
NDS_BS24700000,BalanceSheet,,false
NDS_BS27110000,BalanceSheet,,true
NDS_BS27120000,BalanceSheet,,true
NDS_BS27200000,BalanceSheet,,true
NDS_BS27310000,BalanceSheet,,false
NDS_BS27310000M600,BalanceSheet,,false
NDS_BS27310000M610,BalanceSheet,,false
NDS_BS27310000M620,BalanceSheet,,false
NDS_BS27310000M635,BalanceSheet,,false
NDS_BS27310000M670,BalanceSheet,,false
NDS_BS27310000M680,BalanceSheet,,false
NDS_BS27310000M690,BalanceSheet,,false
NDS_BS27320000,BalanceSheet,,false
NDS_BS27320000M600,BalanceSheet,,false
NDS_BS27320000M610,BalanceSheet,,false
NDS_BS27320000M620,BalanceSheet,,false
NDS_BS27320000M635,BalanceSheet,,false
NDS_BS27320000M670,BalanceSheet,,false
NDS_BS27320000M680,BalanceSheet,,false
NDS_BS27320000M690,BalanceSheet,,false
NDS_BS27330000,BalanceSheet,,false
NDS_BS27330000M600,BalanceSheet,,false
NDS_BS27330000M610,BalanceSheet,,false
NDS_BS27330000M620,BalanceSheet,,false
NDS_BS27330000M635,BalanceSheet,,false
NDS_BS27330000M670,BalanceSheet,,false
NDS_BS27330000M680,BalanceSheet,,false
NDS_BS27330000M690,BalanceSheet,,false
NDS_BS27340000,BalanceSheet,,true
NDS_BS27400000,BalanceSheet,,true
NDS_BS27510000,BalanceSheet,,false
NDS_BS27510000M500,BalanceSheet,,false
NDS_BS27510000M520,BalanceSheet,,false
NDS_BS27510000M535,BalanceSheet,,false
NDS_BS27510000M540,BalanceSheet,,false
NDS_BS27510000M560,BalanceSheet,,false
NDS_BS27510000M570,BalanceSheet,,false
NDS_BS27510000M590,BalanceSheet,,false
NDS_BS27520000,BalanceSheet,,false
NDS_BS27520000M500,BalanceSheet,,false
NDS_BS27520000M520,BalanceSheet,,false
NDS_BS27520000M535,BalanceSheet,,false
NDS_BS27520000M540,BalanceSheet,,false
NDS_BS27520000M560,BalanceSheet,,false
NDS_BS27520000M570,BalanceSheet,,false
NDS_BS27520000M590,BalanceSheet,,false
NDS_BS27530000,BalanceSheet,,false
NDS_BS27530000M500,BalanceSheet,,false
NDS_BS27530000M520,BalanceSheet,,false
NDS_BS27530000M535,BalanceSheet,,false
NDS_BS27530000M540,BalanceSheet,,false
NDS_BS27530000M560,BalanceSheet,,false
NDS_BS27530000M570,BalanceSheet,,false
NDS_BS27530000M590,BalanceSheet,,false
NDS_BS27540000,BalanceSheet,,false
NDS_BS27540000M500,BalanceSheet,,false
NDS_BS27540000M520,BalanceSheet,,false
NDS_BS27540000M535,BalanceSheet,,false
NDS_BS27540000M540,BalanceSheet,,false
NDS_BS27540000M560,BalanceSheet,,false
NDS_BS27540000M570,BalanceSheet,,false
NDS_BS27540000M590,BalanceSheet,,false
NDS_BS27550000,BalanceSheet,,false
NDS_BS27550000M500,BalanceSheet,,false
NDS_BS27550000M520,BalanceSheet,,false
NDS_BS27550000M535,BalanceSheet,,false
NDS_BS27550000M540,BalanceSheet,,false
NDS_BS27550000M560,BalanceSheet,,false
NDS_BS27550000M570,BalanceSheet,,false
NDS_BS27550000M590,BalanceSheet,,false
NDS_BS27560000,BalanceSheet,,false
NDS_BS27560000M500,BalanceSheet,,false
NDS_BS27560000M520,BalanceSheet,,false
NDS_BS27560000M535,BalanceSheet,,false
NDS_BS27560000M540,BalanceSheet,,false
NDS_BS27560000M560,BalanceSheet,,false
NDS_BS27560000M570,BalanceSheet,,false
NDS_BS27560000M590,BalanceSheet,,false
NDS_BS27570000,BalanceSheet,,false
NDS_BS27570000M500,BalanceSheet,,false
NDS_BS27570000M520,BalanceSheet,,false
NDS_BS27570000M535,BalanceSheet,,false
NDS_BS27570000M540,BalanceSheet,,false
NDS_BS27570000M560,BalanceSheet,,false
NDS_BS27570000M570,BalanceSheet,,false
NDS_BS27570000M590,BalanceSheet,,false
NDS_BS27580000,BalanceSheet,,false
NDS_BS27580000M500,BalanceSheet,,false
NDS_BS27580000M520,BalanceSheet,,false
NDS_BS27580000M535,BalanceSheet,,false
NDS_BS27580000M540,BalanceSheet,,false
NDS_BS27580000M560,BalanceSheet,,false
NDS_BS27580000M570,BalanceSheet,,false
NDS_BS27580000M590,BalanceSheet,,false
NDS_BS27590000,BalanceSheet,,false
NDS_BS27590000M500,BalanceSheet,,false
NDS_BS27590000M520,BalanceSheet,,false
NDS_BS27590000M535,BalanceSheet,,false
NDS_BS27590000M540,BalanceSheet,,false
NDS_BS27590000M560,BalanceSheet,,false
NDS_BS27590000M570,BalanceSheet,,false
NDS_BS27590000M590,BalanceSheet,,false
NDS_BS27605000,BalanceSheet,,false
NDS_BS27610000,BalanceSheet,,false
NDS_BS27615000,BalanceSheet,,true
NDS_BS27620000,BalanceSheet,,false
NDS_BS27625000,BalanceSheet,,true
NDS_BS27630000,BalanceSheet,,false
NDS_BS27635000,BalanceSheet,,true
NDS_BS27640000,BalanceSheet,,true
NDS_BS27645000,BalanceSheet,,false
NDS_BS27650000,BalanceSheet,,false
NDS_BS27655000,BalanceSheet,,false
NDS_BS27660000,BalanceSheet,,false
NDS_BS27665000,BalanceSheet,,false
NDS_BS27670000,BalanceSheet,,false
NDS_BS27675000,BalanceSheet,,true
NDS_BS27680000,BalanceSheet,,true
NDS_BS27690000,BalanceSheet,,true
NDS_BS27695000,BalanceSheet,,true
NDS_BS27700000,BalanceSheet,,true
NDS_BS27710000,BalanceSheet,,true
NDS_BS27715000,BalanceSheet,,true
NDS_BS31100000,BalanceSheet,,false
NDS_BS32100000,BalanceSheet,,false
NDS_BS33100000,BalanceSheet,,false
NDS_BS34100000,BalanceSheet,,false
NDS_BS35100000,BalanceSheet,,false
NDS_BS41010110,BalanceSheet,,false
NDS_BS41010120,BalanceSheet,,false
NDS_BS41010130,BalanceSheet,,false
NDS_BS41010210,BalanceSheet,,false
NDS_BS41010220,BalanceSheet,,false
NDS_BS41010230,BalanceSheet,,false
NDS_BS41010410,BalanceSheet,,false
NDS_BS41010420,BalanceSheet,,false
NDS_BS41010430,BalanceSheet,,false
NDS_BS41020110,BalanceSheet,,false
NDS_BS41020120,BalanceSheet,,false
NDS_BS41020130,BalanceSheet,,false
NDS_BS41020140,BalanceSheet,,false
NDS_BS41020210,BalanceSheet,,false
NDS_BS41020220,BalanceSheet,,false
NDS_BS41020230,BalanceSheet,,false
NDS_BS41020310,BalanceSheet,,false
NDS_BS41020320,BalanceSheet,,false
NDS_BS41020330,BalanceSheet,,false
NDS_BS41020340,BalanceSheet,,false
NDS_BS41030110,BalanceSheet,,false
NDS_BS41030120,BalanceSheet,,false
NDS_BS41030130,BalanceSheet,,false
NDS_BS41030140,BalanceSheet,,false
NDS_BS41030210,BalanceSheet,,false
NDS_BS41030220,BalanceSheet,,false
NDS_BS41030230,BalanceSheet,,false
NDS_BS41040110,BalanceSheet,,false
NDS_BS41040120,BalanceSheet,,false
NDS_BS41040130,BalanceSheet,,false
NDS_BS41040140,BalanceSheet,,false
NDS_BS41040211,BalanceSheet,,false
NDS_BS41040212,BalanceSheet,,false
NDS_BS41040213,BalanceSheet,,false
NDS_BS41040231,BalanceSheet,,false
NDS_BS41040232,BalanceSheet,,false
NDS_BS41040233,BalanceSheet,,false
NDS_BS41040234,BalanceSheet,,false
NDS_BS41040235,BalanceSheet,,false
NDS_BS41040236,BalanceSheet,,false
NDS_BS41040250,BalanceSheet,,false
NDS_BS41040260,BalanceSheet,,false
NDS_BS41040271,BalanceSheet,,false
NDS_BS41040272,BalanceSheet,,false
NDS_BS41040280,BalanceSheet,,true
NDS_BS41040290,BalanceSheet,,true
NDS_BS41040300,BalanceSheet,,true
NDS_BS41040310,BalanceSheet,,true
NDS_BS41040320,BalanceSheet,,false
NDS_BS41040330,BalanceSheet,,true
NDS_BS41052120,BalanceSheet,,false
NDS_BS41053300,BalanceSheet,,false
NDS_BS41053400,BalanceSheet,,false
NDS_BS41053570,BalanceSheet,,false
NDS_BS41053600,BalanceSheet,,true
NDS_BS41053610,BalanceSheet,,true
NDS_BS41053700,BalanceSheet,,true
NDS_BS41053710,BalanceSheet,,true
NDS_BS41053800,BalanceSheet,,false
NDS_BS41053900,BalanceSheet,,false
NDS_BS41054000,BalanceSheet,,false
NDS_BS41060110,BalanceSheet,,false
NDS_BS41060120,BalanceSheet,,false
NDS_BS41060130,BalanceSheet,,false
NDS_BS41060140,BalanceSheet,,false
NDS_BS41060150,BalanceSheet,,false
NDS_BS41060151,BalanceSheet,,false
NDS_BS41060160,BalanceSheet,,false
NDS_BS41060161,BalanceSheet,,false
NDS_BS41060162,BalanceSheet,,false
NDS_BS41060170,BalanceSheet,,false
NDS_BS41060181,BalanceSheet,,false
NDS_BS41060190,BalanceSheet,,false
NDS_BS41060210,BalanceSheet,,false
NDS_BS41060221,BalanceSheet,,false
NDS_BS41060231,BalanceSheet,,false
NDS_BS41060240,BalanceSheet,,false
NDS_BS41060250,BalanceSheet,,false
NDS_BS41060260,BalanceSheet,,false
NDS_BS41060261,BalanceSheet,,false
NDS_BS41060262,BalanceSheet,,false
NDS_BS41060311,BalanceSheet,,false
NDS_BS41060312,BalanceSheet,,false
NDS_BS41060313,BalanceSheet,,false
NDS_BS41060314,BalanceSheet,,false
NDS_BS41060315,BalanceSheet,,false
NDS_BS41060320,BalanceSheet,,false
NDS_BS41060325,BalanceSheet,,false
NDS_BS41060335,BalanceSheet,,false
NDS_BS41060340,BalanceSheet,,false
NDS_BS41060430,BalanceSheet,,false
NDS_BS41060520,BalanceSheet,,false
NDS_BS41060610,BalanceSheet,,false
NDS_BS41060620,BalanceSheet,,false
NDS_BS41060630,BalanceSheet,,false
NDS_BS41060710,BalanceSheet,,false
NDS_BS41060720,BalanceSheet,,false
NDS_BS41060810,BalanceSheet,,false
NDS_BS41060820,BalanceSheet,,false
NDS_BS41060830,BalanceSheet,,false
NDS_BS41070100,BalanceSheet,,false
NDS_BS41070100M800,BalanceSheet,,false
NDS_BS41070100M820,BalanceSheet,,false
NDS_BS41070100M835,BalanceSheet,,false
NDS_BS41070100M860,BalanceSheet,,false
NDS_BS41070100M880,BalanceSheet,,false
NDS_BS41070100M890,BalanceSheet,,false
NDS_BS41070200,BalanceSheet,,false
NDS_BS41070200M800,BalanceSheet,,false
NDS_BS41070200M810,BalanceSheet,,false
NDS_BS41070200M820,BalanceSheet,,false
NDS_BS41070200M835,BalanceSheet,,false
NDS_BS41070200M840,BalanceSheet,,false
NDS_BS41070200M860,BalanceSheet,,false
NDS_BS41070200M880,BalanceSheet,,false
NDS_BS41070200M890,BalanceSheet,,false
NDS_BS41070300,BalanceSheet,,false
NDS_BS41070400,BalanceSheet,,false
NDS_BS41070500,BalanceSheet,,false
NDS_BS41070600,BalanceSheet,,false
NDS_BS41071100,BalanceSheet,,false
NDS_BS41071100M800,BalanceSheet,,false
NDS_BS41071100M810,BalanceSheet,,false
NDS_BS41071100M820,BalanceSheet,,false
NDS_BS41071100M835,BalanceSheet,,false
NDS_BS41071100M860,BalanceSheet,,false
NDS_BS41071100M880,BalanceSheet,,false
NDS_BS41071100M890,BalanceSheet,,false
NDS_BS41071200,BalanceSheet,,false
NDS_BS41071200M800,BalanceSheet,,false
NDS_BS41071200M810,BalanceSheet,,false
NDS_BS41071200M820,BalanceSheet,,false
NDS_BS41071200M835,BalanceSheet,,false
NDS_BS41071200M840,BalanceSheet,,false
NDS_BS41071200M860,BalanceSheet,,false
NDS_BS41071200M880,BalanceSheet,,false
NDS_BS41071200M890,BalanceSheet,,false
NDS_BS41100110,BalanceSheet,,false
NDS_BS41100120,BalanceSheet,,false
NDS_BS41100130,BalanceSheet,,false
NDS_BS41100140,BalanceSheet,,false
NDS_BS41100150,BalanceSheet,,false
NDS_BS41100160,BalanceSheet,,false
NDS_BS41100210,BalanceSheet,,false
NDS_BS41100215,BalanceSheet,,false
NDS_BS41100220,BalanceSheet,,false
NDS_BS41100225,BalanceSheet,,false
NDS_BS41100230,BalanceSheet,,false
NDS_BS41100235,BalanceSheet,,false
NDS_BS41100240,BalanceSheet,,false
NDS_BS41100245,BalanceSheet,,false
NDS_BS41100250,BalanceSheet,,false
NDS_BS41100255,BalanceSheet,,false
NDS_BS41100260,BalanceSheet,,false
NDS_BS41100265,BalanceSheet,,false
NDS_BS41100270,BalanceSheet,,false
NDS_BS41100275,BalanceSheet,,false
NDS_BS41100280,BalanceSheet,,false
NDS_BS41100285,BalanceSheet,,false
NDS_BS41100290,BalanceSheet,,true
NDS_BS41100295,BalanceSheet,,true
NDS_BS42020100,BalanceSheet,,false
NDS_BS42020200,BalanceSheet,,false
NDS_BS42020300,BalanceSheet,,false
NDS_BS42020400,BalanceSheet,,false
NDS_BS42030100,BalanceSheet,,false
NDS_BS42030200,BalanceSheet,,false
NDS_BS42030300,BalanceSheet,,false
NDS_BS42030500,BalanceSheet,,false
NDS_BS42030600,BalanceSheet,,false
NDS_BS42050000,BalanceSheet,,false
NDS_BS42050100,BalanceSheet,,false
NDS_BS42050200,BalanceSheet,,false
NDS_BS43010110,BalanceSheet,,true
NDS_BS43010120,BalanceSheet,,false
NDS_BS43010130,BalanceSheet,,true
NDS_BS43010131,BalanceSheet,,false
NDS_BS43010140,BalanceSheet,,false
NDS_BS43010150,BalanceSheet,,false
NDS_BS43010160,BalanceSheet,,false
NDS_BS43010162,BalanceSheet,,true
NDS_BS43010164,BalanceSheet,,false
NDS_BS43010166,BalanceSheet,,false
NDS_BS43010170,BalanceSheet,,false
NDS_BS43011110,BalanceSheet,,false
NDS_BS43011110M700,BalanceSheet,,false
NDS_BS43011110M735,BalanceSheet,,false
NDS_BS43011110M780,BalanceSheet,,false
NDS_BS43011110M790,BalanceSheet,,false
NDS_BS43011120,BalanceSheet,,false
NDS_BS43011120M700,BalanceSheet,,false
NDS_BS43011120M735,BalanceSheet,,false
NDS_BS43011120M780,BalanceSheet,,false
NDS_BS43011120M790,BalanceSheet,,false
NDS_BS43011130,BalanceSheet,,false
NDS_BS43011130M700,BalanceSheet,,false
NDS_BS43011130M735,BalanceSheet,,false
NDS_BS43011130M780,BalanceSheet,,false
NDS_BS43011130M790,BalanceSheet,,false
NDS_BS43011210,BalanceSheet,,false
NDS_BS43011210M700,BalanceSheet,,false
NDS_BS43011210M735,BalanceSheet,,false
NDS_BS43011210M780,BalanceSheet,,false
NDS_BS43011210M790,BalanceSheet,,false
NDS_BS43011220,BalanceSheet,,false
NDS_BS43011220M700,BalanceSheet,,false
NDS_BS43011220M735,BalanceSheet,,false
NDS_BS43011220M780,BalanceSheet,,false
NDS_BS43011220M790,BalanceSheet,,false
NDS_BS43012110,BalanceSheet,,false
NDS_BS43012110M700,BalanceSheet,,false
NDS_BS43012110M735,BalanceSheet,,false
NDS_BS43012110M780,BalanceSheet,,false
NDS_BS43012110M790,BalanceSheet,,false
NDS_BS43012120,BalanceSheet,,false
NDS_BS43012120M700,BalanceSheet,,false
NDS_BS43012120M735,BalanceSheet,,false
NDS_BS43012120M780,BalanceSheet,,false
NDS_BS43012120M790,BalanceSheet,,false
NDS_BS43012210,BalanceSheet,,false
NDS_BS43012210M700,BalanceSheet,,false
NDS_BS43012210M735,BalanceSheet,,false
NDS_BS43012210M780,BalanceSheet,,false
NDS_BS43012210M790,BalanceSheet,,false
NDS_BS43012220,BalanceSheet,,false
NDS_BS43012220M700,BalanceSheet,,false
NDS_BS43012220M735,BalanceSheet,,false
NDS_BS43012220M780,BalanceSheet,,false
NDS_BS43012220M790,BalanceSheet,,false
NDS_BS43013110,BalanceSheet,,false
NDS_BS43013110M700,BalanceSheet,,false
NDS_BS43013110M735,BalanceSheet,,false
NDS_BS43013110M780,BalanceSheet,,false
NDS_BS43013110M790,BalanceSheet,,false
NDS_BS43013120,BalanceSheet,,false
NDS_BS43013120M700,BalanceSheet,,false
NDS_BS43013120M735,BalanceSheet,,false
NDS_BS43013120M780,BalanceSheet,,false
NDS_BS43013120M790,BalanceSheet,,false
NDS_BS43013210,BalanceSheet,,false
NDS_BS43013210M700,BalanceSheet,,false
NDS_BS43013210M735,BalanceSheet,,false
NDS_BS43013210M780,BalanceSheet,,false
NDS_BS43013210M790,BalanceSheet,,false
NDS_BS43013220,BalanceSheet,,false
NDS_BS43013220M700,BalanceSheet,,false
NDS_BS43013220M735,BalanceSheet,,false
NDS_BS43013220M780,BalanceSheet,,false
NDS_BS43013220M790,BalanceSheet,,false
NDS_BS43014110,BalanceSheet,,false
NDS_BS43014110M700,BalanceSheet,,false
NDS_BS43014110M735,BalanceSheet,,false
NDS_BS43014110M780,BalanceSheet,,false
NDS_BS43014110M790,BalanceSheet,,false
NDS_BS43014120,BalanceSheet,,false
NDS_BS43014120M700,BalanceSheet,,false
NDS_BS43014120M735,BalanceSheet,,false
NDS_BS43014120M780,BalanceSheet,,false
NDS_BS43014120M790,BalanceSheet,,false
NDS_BS43014210,BalanceSheet,,false
NDS_BS43014210M700,BalanceSheet,,false
NDS_BS43014210M735,BalanceSheet,,false
NDS_BS43014210M780,BalanceSheet,,false
NDS_BS43014210M790,BalanceSheet,,false
NDS_BS43014220,BalanceSheet,,false
NDS_BS43014220M700,BalanceSheet,,false
NDS_BS43014220M735,BalanceSheet,,false
NDS_BS43014220M780,BalanceSheet,,false
NDS_BS43014220M790,BalanceSheet,,false
NDS_BS43015110,BalanceSheet,,false
NDS_BS43015110M700,BalanceSheet,,false
NDS_BS43015110M735,BalanceSheet,,false
NDS_BS43015110M780,BalanceSheet,,false
NDS_BS43015110M790,BalanceSheet,,false
NDS_BS43015120,BalanceSheet,,false
NDS_BS43015120M700,BalanceSheet,,false
NDS_BS43015120M735,BalanceSheet,,false
NDS_BS43015120M780,BalanceSheet,,false
NDS_BS43015120M790,BalanceSheet,,false
NDS_BS43015210,BalanceSheet,,false
NDS_BS43015210M700,BalanceSheet,,false
NDS_BS43015210M735,BalanceSheet,,false
NDS_BS43015210M780,BalanceSheet,,false
NDS_BS43015210M790,BalanceSheet,,false
NDS_BS43015220,BalanceSheet,,false
NDS_BS43015220M700,BalanceSheet,,false
NDS_BS43015220M735,BalanceSheet,,false
NDS_BS43015220M780,BalanceSheet,,false
NDS_BS43015220M790,BalanceSheet,,false
NDS_BS43016110,BalanceSheet,,false
NDS_BS43016110M700,BalanceSheet,,false
NDS_BS43016110M735,BalanceSheet,,false
NDS_BS43016110M780,BalanceSheet,,false
NDS_BS43016110M790,BalanceSheet,,false
NDS_BS43016120,BalanceSheet,,false
NDS_BS43016120M700,BalanceSheet,,false
NDS_BS43016120M735,BalanceSheet,,false
NDS_BS43016120M780,BalanceSheet,,false
NDS_BS43016120M790,BalanceSheet,,false
NDS_BS43016210,BalanceSheet,,false
NDS_BS43016210M700,BalanceSheet,,false
NDS_BS43016210M735,BalanceSheet,,false
NDS_BS43016210M780,BalanceSheet,,false
NDS_BS43016210M790,BalanceSheet,,false
NDS_BS43016220,BalanceSheet,,false
NDS_BS43016220M700,BalanceSheet,,false
NDS_BS43016220M735,BalanceSheet,,false
NDS_BS43016220M780,BalanceSheet,,false
NDS_BS43016220M790,BalanceSheet,,false
NDS_BS43017110,BalanceSheet,,false
NDS_BS43017110M700,BalanceSheet,,false
NDS_BS43017110M735,BalanceSheet,,false
NDS_BS43017110M780,BalanceSheet,,false
NDS_BS43017110M790,BalanceSheet,,false
NDS_BS43017120,BalanceSheet,,false
NDS_BS43017120M700,BalanceSheet,,false
NDS_BS43017120M735,BalanceSheet,,false
NDS_BS43017120M780,BalanceSheet,,false
NDS_BS43017120M790,BalanceSheet,,false
NDS_BS43017210,BalanceSheet,,false
NDS_BS43017210M700,BalanceSheet,,false
NDS_BS43017210M735,BalanceSheet,,false
NDS_BS43017210M780,BalanceSheet,,false
NDS_BS43017210M790,BalanceSheet,,false
NDS_BS43017220,BalanceSheet,,false
NDS_BS43017220M700,BalanceSheet,,false
NDS_BS43017220M735,BalanceSheet,,false
NDS_BS43017220M780,BalanceSheet,,false
NDS_BS43017220M790,BalanceSheet,,false
NDS_BS43021100,BalanceSheet,,false
NDS_BS43021100M700,BalanceSheet,,false
NDS_BS43021100M735,BalanceSheet,,false
NDS_BS43021100M780,BalanceSheet,,false
NDS_BS43021100M790,BalanceSheet,,false
NDS_BS43021130,BalanceSheet,,false
NDS_BS43021130M700,BalanceSheet,,false
NDS_BS43021130M735,BalanceSheet,,false
NDS_BS43021130M780,BalanceSheet,,false
NDS_BS43021130M790,BalanceSheet,,false
NDS_BS43021200,BalanceSheet,,false
NDS_BS43021200M700,BalanceSheet,,false
NDS_BS43021200M735,BalanceSheet,,false
NDS_BS43021200M780,BalanceSheet,,false
NDS_BS43021200M790,BalanceSheet,,false
NDS_BS43022100,BalanceSheet,,false
NDS_BS43022100M700,BalanceSheet,,false
NDS_BS43022100M735,BalanceSheet,,false
NDS_BS43022100M780,BalanceSheet,,false
NDS_BS43022100M790,BalanceSheet,,false
NDS_BS43022200,BalanceSheet,,false
NDS_BS43022200M700,BalanceSheet,,false
NDS_BS43022200M735,BalanceSheet,,false
NDS_BS43022200M780,BalanceSheet,,false
NDS_BS43022200M790,BalanceSheet,,false
NDS_BS43023100,BalanceSheet,,false
NDS_BS43023100M700,BalanceSheet,,false
NDS_BS43023100M735,BalanceSheet,,false
NDS_BS43023100M780,BalanceSheet,,false
NDS_BS43023100M790,BalanceSheet,,false
NDS_BS43023200,BalanceSheet,,false
NDS_BS43023200M700,BalanceSheet,,false
NDS_BS43023200M735,BalanceSheet,,false
NDS_BS43023200M780,BalanceSheet,,false
NDS_BS43023200M790,BalanceSheet,,false
NDS_BS43024100,BalanceSheet,,false
NDS_BS43024100M700,BalanceSheet,,false
NDS_BS43024100M735,BalanceSheet,,false
NDS_BS43024100M780,BalanceSheet,,false
NDS_BS43024100M790,BalanceSheet,,false
NDS_BS43024200,BalanceSheet,,false
NDS_BS43024200M700,BalanceSheet,,false
NDS_BS43024200M735,BalanceSheet,,false
NDS_BS43024200M780,BalanceSheet,,false
NDS_BS43024200M790,BalanceSheet,,false
NDS_BS43025100,BalanceSheet,,false
NDS_BS43025100M700,BalanceSheet,,false
NDS_BS43025100M735,BalanceSheet,,false
NDS_BS43025100M780,BalanceSheet,,false
NDS_BS43025100M790,BalanceSheet,,false
NDS_BS43025200,BalanceSheet,,false
NDS_BS43025200M700,BalanceSheet,,false
NDS_BS43025200M735,BalanceSheet,,false
NDS_BS43025200M780,BalanceSheet,,false
NDS_BS43025200M790,BalanceSheet,,false
NDS_BS43026100,BalanceSheet,,false
NDS_BS43026100M700,BalanceSheet,,false
NDS_BS43026100M735,BalanceSheet,,false
NDS_BS43026100M780,BalanceSheet,,false
NDS_BS43026100M790,BalanceSheet,,false
NDS_BS43026200,BalanceSheet,,false
NDS_BS43026200M700,BalanceSheet,,false
NDS_BS43026200M735,BalanceSheet,,false
NDS_BS43026200M780,BalanceSheet,,false
NDS_BS43026200M790,BalanceSheet,,false
NDS_BS43027100,BalanceSheet,,false
NDS_BS43027100M700,BalanceSheet,,false
NDS_BS43027100M735,BalanceSheet,,false
NDS_BS43027100M780,BalanceSheet,,false
NDS_BS43027100M790,BalanceSheet,,false
NDS_BS43027200,BalanceSheet,,false
NDS_BS43027200M700,BalanceSheet,,false
NDS_BS43027200M735,BalanceSheet,,false
NDS_BS43027200M780,BalanceSheet,,false
NDS_BS43027200M790,BalanceSheet,,false
NDS_BS43028000,BalanceSheet,,false
NDS_BS43028000M700,BalanceSheet,,false
NDS_BS43028000M735,BalanceSheet,,false
NDS_BS43030500,BalanceSheet,,false
NDS_BS43030500M135,BalanceSheet,,false
NDS_BS43030500M140,BalanceSheet,,false
NDS_BS43030500M145,BalanceSheet,,false
NDS_BS43030600,BalanceSheet,,false
NDS_BS43030600M135,BalanceSheet,,false
NDS_BS43030600M140,BalanceSheet,,false
NDS_BS43030600M145,BalanceSheet,,false
NDS_BSZ04006A001M100,BalanceSheet,,false
NDS_BSZ04006A001M120,BalanceSheet,,false
NDS_BSZ04006A001M135,BalanceSheet,,false
NDS_BSZ04006A001M190,BalanceSheet,,false
NDS_BSZ04006A002M100,BalanceSheet,,false
NDS_BSZ04006A002M120,BalanceSheet,,false
NDS_BSZ04006A002M135,BalanceSheet,,false
NDS_BSZ04006A002M190,BalanceSheet,,false
NDS_BSZ04006A003M100,BalanceSheet,,false
NDS_BSZ04006A003M120,BalanceSheet,,false
NDS_BSZ04006A003M135,BalanceSheet,,false
NDS_BSZ04006A003M190,BalanceSheet,,false
NDS_BSZ04006A004M100,BalanceSheet,,false
NDS_BSZ04006A004M120,BalanceSheet,,false
NDS_BSZ04006A004M135,BalanceSheet,,false
NDS_BSZ04006A004M190,BalanceSheet,,false
NDS_BSZ04006A008M100,BalanceSheet,,false
NDS_BSZ04006A008M120,BalanceSheet,,false
NDS_BSZ04006A009M100,BalanceSheet,,false
NDS_BSZ04006A009M120,BalanceSheet,,false
NDS_BSZ04006A009M135,BalanceSheet,,false
NDS_BSZ04006A009M190,BalanceSheet,,false
NDS_BSZ04006A011M100,BalanceSheet,,false
NDS_BSZ04006A011M120,BalanceSheet,,false
NDS_BSZ04006A019M100,BalanceSheet,,false
NDS_BSZ04006A019M120,BalanceSheet,,false
NDS_BSZ04006A019M135,BalanceSheet,,false
NDS_BSZ04006A019M190,BalanceSheet,,false
NDS_BSZ04006A020M100,BalanceSheet,,false
NDS_BSZ04006A020M120,BalanceSheet,,false
NDS_BSZ04006A020M135,BalanceSheet,,false
NDS_BSZ04006A020M190,BalanceSheet,,false
NDS_BSZ04006A021M100,BalanceSheet,,false
NDS_BSZ04006A021M120,BalanceSheet,,false
NDS_BSZ04006A021M135,BalanceSheet,,false
NDS_BSZ04006A021M190,BalanceSheet,,false
NDS_BSZ04006A030M100,BalanceSheet,,false
NDS_BSZ04006A030M120,BalanceSheet,,false
NDS_BSZ04006A030M135,BalanceSheet,,false
NDS_BSZ04006A030M190,BalanceSheet,,false
NDS_BSZ04006A032M100,BalanceSheet,,false
NDS_BSZ04006A032M120,BalanceSheet,,false
NDS_BSZ04006A101M000,BalanceSheet,,false
NDS_BSZ04006A102M000,BalanceSheet,,false
NDS_BSZ04006A103M000,BalanceSheet,,false
NDS_BSZ04006A104M000,BalanceSheet,,false
NDS_BSZ04006A109M000,BalanceSheet,,false
NDS_BSZ04006A114M000,BalanceSheet,,false
NDS_BSZ04006A115M000,BalanceSheet,,false
NDS_BSZ04006A116M000,BalanceSheet,,false
NDS_BSZ04006A117M000,BalanceSheet,,false
NDS_BSZ04006A118M000,BalanceSheet,,false
NDS_BSZ04006A119M000,BalanceSheet,,false
NDS_BSZ04006A120M000,BalanceSheet,,false
NDS_BSZ04006A121M000,BalanceSheet,,false
NDS_BSZ04006A125M000,BalanceSheet,,false
NDS_BSZ04006A126M000,BalanceSheet,,false
NDS_BSZ04006A130M000,BalanceSheet,,false
NDS_BSZ04006A131M000,BalanceSheet,,false
NDS_BSZ04006A133M000,BalanceSheet,,false
NDS_BSZ04006A201M100,BalanceSheet,,false
NDS_BSZ04006A201M120,BalanceSheet,,false
NDS_BSZ04006A201M135,BalanceSheet,,false
NDS_BSZ04006A201M190,BalanceSheet,,false
NDS_BSZ04006A202M100,BalanceSheet,,false
NDS_BSZ04006A202M120,BalanceSheet,,false
NDS_BSZ04006A202M135,BalanceSheet,,false
NDS_BSZ04006A202M190,BalanceSheet,,false
NDS_BSZ04006A203M100,BalanceSheet,,false
NDS_BSZ04006A203M120,BalanceSheet,,false
NDS_BSZ04006A203M135,BalanceSheet,,false
NDS_BSZ04006A203M190,BalanceSheet,,false
NDS_BSZ04006A204M100,BalanceSheet,,false
NDS_BSZ04006A204M120,BalanceSheet,,false
NDS_BSZ04006A204M135,BalanceSheet,,false
NDS_BSZ04006A204M190,BalanceSheet,,false
NDS_BSZ04006A208M100,BalanceSheet,,false
NDS_BSZ04006A208M120,BalanceSheet,,false
NDS_BSZ04006A219M100,BalanceSheet,,false
NDS_BSZ04006A219M120,BalanceSheet,,false
NDS_BSZ04006A219M135,BalanceSheet,,false
NDS_BSZ04006A219M190,BalanceSheet,,false
NDS_BSZ04006A220M100,BalanceSheet,,false
NDS_BSZ04006A220M120,BalanceSheet,,false
NDS_BSZ04006A220M135,BalanceSheet,,false
NDS_BSZ04006A220M190,BalanceSheet,,false
NDS_BSZ04006A221M100,BalanceSheet,,false
NDS_BSZ04006A221M120,BalanceSheet,,false
NDS_BSZ04006A221M135,BalanceSheet,,false
NDS_BSZ04006A221M190,BalanceSheet,,false
NDS_BSZ04007A101M000,BalanceSheet,,false
NDS_BSZ04007A102M000,BalanceSheet,,false
NDS_BSZ04007A103M000,BalanceSheet,,false
NDS_BSZ04007A104M000,BalanceSheet,,false
NDS_BSZ04007A105M000,BalanceSheet,,false
NDS_BSZ04007A106M000,BalanceSheet,,false
NDS_BSZ04007A107M000,BalanceSheet,,false
NDS_BSZ04007A108M000,BalanceSheet,,false
NDS_BSZ04007A110M000,BalanceSheet,,false
NDS_BSZ04007A120M000,BalanceSheet,,false
NDS_BSZ04007A121M000,BalanceSheet,,false
NDS_BSZ04007A122M000,BalanceSheet,,false
NDS_BSZ04007A201,BalanceSheet,,false
NDS_BSZ04007A202,BalanceSheet,,false
NDS_BSZ04007A203,BalanceSheet,,false
NDS_BSZ04007A204,BalanceSheet,,false
NDS_BSZ04007A301MAD1,BalanceSheet,,false
NDS_BSZ04007A302MAD1,BalanceSheet,,false
NDS_BSZ04007A303MAD1,BalanceSheet,,false
NDS_BSZ04007A304MAD1,BalanceSheet,,false
NDS_BSZ04007A305MAD1,BalanceSheet,,false
NDS_BSZ04007A306MAD1,BalanceSheet,,false
NDS_BSZ04007A307MAD1,BalanceSheet,,false
NDS_BSZ04007A308MAD1,BalanceSheet,,false
NDS_BSZ04007A310MAD1,BalanceSheet,,false
NDS_BSZ04007A320MAD1,BalanceSheet,,false
NDS_BSZ04007A321MAD1,BalanceSheet,,false
NDS_BSZ04007A322MAD1,BalanceSheet,,false
NDS_BSZ04007A401MAD2,BalanceSheet,,false
NDS_BSZ04007A402MAD2,BalanceSheet,,false
NDS_BSZ04007A403MAD2,BalanceSheet,,false
NDS_BSZ04007A404MAD2,BalanceSheet,,false
NDS_BSZ04007A405MAD2,BalanceSheet,,false
NDS_BSZ04007A406MAD2,BalanceSheet,,false
NDS_BSZ04007A407MAD2,BalanceSheet,,false
NDS_BSZ04007A408MAD2,BalanceSheet,,false
NDS_BSZ04007A410MAD2,BalanceSheet,,false
NDS_BSZ04007A420MAD2,BalanceSheet,,false
NDS_BSZ04007A421MAD2,BalanceSheet,,false
NDS_BSZ04007A422MAD2,BalanceSheet,,false
NDS_BSZ04007A501MAD3,BalanceSheet,,false
NDS_BSZ04007A502MAD3,BalanceSheet,,false
NDS_BSZ04007A503MAD3,BalanceSheet,,false
NDS_BSZ04007A504MAD3,BalanceSheet,,false
NDS_BSZ04007A505MAD3,BalanceSheet,,false
NDS_BSZ04007A506MAD3,BalanceSheet,,false
NDS_BSZ04007A507MAD3,BalanceSheet,,false
NDS_BSZ04007A508MAD3,BalanceSheet,,false
NDS_BSZ04007A510MAD3,BalanceSheet,,false
NDS_BSZ04007A520MAD3,BalanceSheet,,false
NDS_BSZ04007A521MAD3,BalanceSheet,,false
NDS_BSZ04007A522MAD3,BalanceSheet,,false
NDS_BSZ04007A601MAD4,BalanceSheet,,false
NDS_BSZ04007A602MAD4,BalanceSheet,,false
NDS_BSZ04007A603MAD4,BalanceSheet,,false
NDS_BSZ04007A604MAD4,BalanceSheet,,false
NDS_BSZ04007A605MAD4,BalanceSheet,,false
NDS_BSZ04007A606MAD4,BalanceSheet,,false
NDS_BSZ04007A607MAD4,BalanceSheet,,false
NDS_BSZ04007A608MAD4,BalanceSheet,,false
NDS_BSZ04007A610MAD4,BalanceSheet,,false
NDS_BSZ04007A621MAD4,BalanceSheet,,false
NDS_BSZ04007A622MAD4,BalanceSheet,,false
NDS_BSZ04011A001,BalanceSheet,,false
NDS_BSZ04011A001M700,BalanceSheet,,false
NDS_BSZ04011A001M735,BalanceSheet,,false
NDS_BSZ04011A001M740,BalanceSheet,,false
NDS_BSZ04011A001M760,BalanceSheet,,false
NDS_BSZ04011A001M780,BalanceSheet,,false
NDS_BSZ04011A001M790,BalanceSheet,,false
NDS_BSZ04011A002,BalanceSheet,,false
NDS_BSZ04011A002M700,BalanceSheet,,false
NDS_BSZ04011A002M735,BalanceSheet,,false
NDS_BSZ04011A002M780,BalanceSheet,,false
NDS_BSZ04011A002M790,BalanceSheet,,false
NDS_BSZ04011A003,BalanceSheet,,false
NDS_BSZ04011A003M700,BalanceSheet,,false
NDS_BSZ04011A003M735,BalanceSheet,,false
NDS_BSZ04011A003M780,BalanceSheet,,false
NDS_BSZ04011A003M790,BalanceSheet,,false
NDS_BSZ04011A012,BalanceSheet,,false
NDS_BSZ04011A012M700,BalanceSheet,,false
NDS_BSZ04011A012M735,BalanceSheet,,false
NDS_BSZ04011A012M780,BalanceSheet,,false
NDS_BSZ04011A012M790,BalanceSheet,,false
NDS_BSZ04012A065,BalanceSheet,,false
NDS_BSZ04012A065M700,BalanceSheet,,false
NDS_BSZ04012A065M735,BalanceSheet,,false
NDS_BSZ04012A065M790,BalanceSheet,,false
NDS_BSZ04012A070,BalanceSheet,,false
NDS_BSZ04012A070M700,BalanceSheet,,false
NDS_BSZ04012A070M735,BalanceSheet,,false
NDS_BS_PP_BS14120100_TOTAL_ADJUSTMENTS_PERCENT,BalanceSheet,,false
NDS_BS_PP_BS14310000_TOTAL_ADJUSTMENTS_PERCENT,BalanceSheet,,false
NDS_MB_ACTIVE12,SalesReporting,Customer,false
NDS_MB_ACTIVE3,SalesReporting,Customer,false
NDS_MB_CONSIGSTOCKSUPPLIER,SalesReporting,SpecialAnalyses,false
NDS_MB_CREDITNOTES,SalesReporting,,false
NDS_MB_INACTIVE12,SalesReporting,Customer,false
NDS_MB_INACTIVE12POTENTIAL,SalesReporting,Customer,false
NDS_MB_INACTIVE3,SalesReporting,Customer,false
NDS_MB_INFLATIONRATE,SalesReporting,SpecialAnalyses,false
NDS_MB_INVOICINGDAYS,SalesReporting,SpecialAnalysesNumOfInvoicingDays,false
NDS_MB_LMS_CUSTOMERS_L1,SalesReporting,SML,false
NDS_MB_LMS_CUSTOMERS_L2,SalesReporting,SML,false
NDS_MB_LMS_CUSTOMERS_L3,SalesReporting,SML,false
NDS_MB_LMS_CUSTOMERS_L4,SalesReporting,SML,false
NDS_MB_LMS_CUSTOMERS_L5,SalesReporting,SML,false
NDS_MB_LMS_CUSTOMERS_M1,SalesReporting,SML,false
NDS_MB_LMS_CUSTOMERS_M2,SalesReporting,SML,false
NDS_MB_LMS_CUSTOMERS_S1,SalesReporting,SML,false
NDS_MB_LMS_CUSTOMERS_S2,SalesReporting,SML,false
NDS_MB_LMS_GROSSPROFIT_L1,SalesReporting,SMLGrossProfit,false
NDS_MB_LMS_GROSSPROFIT_L2,SalesReporting,SMLGrossProfit,false
NDS_MB_LMS_GROSSPROFIT_L3,SalesReporting,SMLGrossProfit,false
NDS_MB_LMS_GROSSPROFIT_L4,SalesReporting,SMLGrossProfit,false
NDS_MB_LMS_GROSSPROFIT_L5,SalesReporting,SMLGrossProfit,false
NDS_MB_LMS_GROSSPROFIT_M1,SalesReporting,SMLGrossProfit,false
NDS_MB_LMS_GROSSPROFIT_M2,SalesReporting,SMLGrossProfit,false
NDS_MB_LMS_GROSSPROFIT_S1,SalesReporting,SMLGrossProfit,false
NDS_MB_LMS_GROSSPROFIT_S2,SalesReporting,SMLGrossProfit,false
NDS_MB_LMS_POTENTIAL_L1,SalesReporting,SMLPotential,false
NDS_MB_LMS_POTENTIAL_L2,SalesReporting,SMLPotential,false
NDS_MB_LMS_POTENTIAL_L3,SalesReporting,SMLPotential,false
NDS_MB_LMS_POTENTIAL_L4,SalesReporting,SMLPotential,false
NDS_MB_LMS_POTENTIAL_L5,SalesReporting,SMLPotential,false
NDS_MB_LMS_POTENTIAL_M1,SalesReporting,SMLPotential,false
NDS_MB_LMS_POTENTIAL_M2,SalesReporting,SMLPotential,false
NDS_MB_LMS_POTENTIAL_S1,SalesReporting,SMLPotential,false
NDS_MB_LMS_POTENTIAL_S2,SalesReporting,SMLPotential,false
NDS_MB_LMS_SALES_L1,SalesReporting,SML,false
NDS_MB_LMS_SALES_L2,SalesReporting,SML,false
NDS_MB_LMS_SALES_L3,SalesReporting,SML,false
NDS_MB_LMS_SALES_L4,SalesReporting,SML,false
NDS_MB_LMS_SALES_L5,SalesReporting,SML,false
NDS_MB_LMS_SALES_M1,SalesReporting,SML,false
NDS_MB_LMS_SALES_M2,SalesReporting,SML,false
NDS_MB_LMS_SALES_S1,SalesReporting,SML,false
NDS_MB_LMS_SALES_S2,SalesReporting,SML,false
NDS_MB_NEW,SalesReporting,Customer,false
NDS_MB_ORDERS,SalesReporting,,false
NDS_MB_ORDINARY12,SalesReporting,Customer,false
NDS_MB_ORDINARY3,SalesReporting,Customer,false
NDS_MB_POSITION,SalesReporting,,false
NDS_MB_PP_CREDIT_NOTES_QUOTA,SalesReporting,,false
NDS_MB_PP_ORDERLINES_PER_ORDER,SalesReporting,,false
NDS_MB_PP_ORDERS_PER_ADM_AND_DAY,SalesReporting,,false
NDS_MB_PP_ORDERS_PER_IDM_AND_DAY,SalesReporting,,false
NDS_MB_PP_ORDERS_PER_MA_AND_DAY,SalesReporting,,false
NDS_MB_PP_SALES_SEASONAL_INDEX,SalesReporting,,false
NDS_MB_PP_STAFF_RECRUITMENT_EXTERNAL,SalesReporting,,false
NDS_MB_PP_STAFF_RECRUITMENT_INTERNAL,SalesReporting,,false
NDS_MB_PURCHASE_ALLOWANCE,SalesReporting,SpecialAnalyses,false
NDS_MB_PURCHASE_BONUS,SalesReporting,SpecialAnalyses,false
NDS_MB_PURCHASE_DELIVERYCOSTS,SalesReporting,SpecialAnalyses,false
NDS_MB_PURCHASE_DISCOUNT,SalesReporting,SpecialAnalyses,false
NDS_MB_PURCHASE_MPVRELEVANT,SalesReporting,SpecialAnalyses,false
NDS_MB_PURCHASE_MPVRELEVANTPY,SalesReporting,SpecialAnalyses,false
NDS_MB_PURCHASE_VOLUME,SalesReporting,SpecialAnalyses,false
NDS_MB_REACTIVATED12,SalesReporting,Customer,false
NDS_MB_REACTIVATED3,SalesReporting,Customer,false
NDS_MB_SALES,SalesReporting,,false
NDS_MB_SEAN_A_CUSTOMERS,SalesReporting,SEAN,false
NDS_MB_SEAN_A_GROSSPROFIT,SalesReporting,SEAN,false
NDS_MB_SEAN_A_POTENTIAL,SalesReporting,SEAN,false
NDS_MB_SEAN_A_SALES,SalesReporting,SEAN,false
NDS_MB_SEAN_E_CUSTOMERS,SalesReporting,SEAN,false
NDS_MB_SEAN_E_GROSSPROFIT,SalesReporting,SEAN,false
NDS_MB_SEAN_E_POTENTIAL,SalesReporting,SEAN,false
NDS_MB_SEAN_E_SALES,SalesReporting,SEAN,false
NDS_MB_SEAN_NOALLOCATION_CUSTOMERS,SalesReporting,SEAN,false
NDS_MB_SEAN_NOALLOCATION_GROSSPROFIT,SalesReporting,SEAN,false
NDS_MB_SEAN_NOALLOCATION_SALES,SalesReporting,SEAN,false
NDS_MB_SEAN_N_CUSTOMERS,SalesReporting,SEAN,false
NDS_MB_SEAN_N_POTENTIAL,SalesReporting,SEAN,false
NDS_MB_SEAN_S_CUSTOMERS,SalesReporting,SEAN,false
NDS_MB_SEAN_S_GROSSPROFIT,SalesReporting,SEAN,false
NDS_MB_SEAN_S_POTENTIAL,SalesReporting,SEAN,false
NDS_MB_SEAN_S_SALES,SalesReporting,SEAN,false
NDS_MB_SERVICEDEGREECOMPANY,SalesReporting,SpecialAnalysesServiceDegree,false
NDS_MB_STAFF_LEFT_EXTERNAL,SalesReporting,Employees,false
NDS_MB_STAFF_LEFT_INTERNAL,SalesReporting,Employees,false
NDS_MB_STAFF_RI_EXTERNAL,SalesReporting,Employees,false
NDS_MB_STAFF_RI_INTERNAL,SalesReporting,Employees,false
NDS_MB_VK_ADM,SalesReporting,VK,false
NDS_MB_VK_GROSSPROFIT_BRANCHOFFICES,SalesReporting,VK,false
NDS_MB_VK_GROSSPROFIT_EBUSINESS_CUSTOMERAPPS,SalesReporting,VK,false
NDS_MB_VK_GROSSPROFIT_EBUSINESS_EPROCUREMENT,SalesReporting,VK,false
NDS_MB_VK_GROSSPROFIT_EBUSINESS_ESERVICES,SalesReporting,VK,false
NDS_MB_VK_GROSSPROFIT_EBUSINESS_ONLINESHOP,SalesReporting,VK,false
NDS_MB_VK_GROSSPROFIT_EBUSINESS_OTHER,SalesReporting,VK,false
NDS_MB_VK_GROSSPROFIT_EBUSINESS_SCANNER,SalesReporting,VK,false
NDS_MB_VK_GROSSPROFIT_OTHER,SalesReporting,VK,false
NDS_MB_VK_GROSSPROFIT_SALESFORCE,SalesReporting,VK,false
NDS_MB_VK_GROSSPROFIT_TELFAX,SalesReporting,VK,false
NDS_MB_VK_ORDERS_BRANCHOFFICES,SalesReporting,VK,false
NDS_MB_VK_ORDERS_EBUSINESS_CUSTOMERAPPS,SalesReporting,VK,false
NDS_MB_VK_ORDERS_EBUSINESS_EPROCUREMENT,SalesReporting,VK,false
NDS_MB_VK_ORDERS_EBUSINESS_ESERVICES,SalesReporting,VK,false
NDS_MB_VK_ORDERS_EBUSINESS_ONLINESHOP,SalesReporting,VK,false
NDS_MB_VK_ORDERS_EBUSINESS_OTHER,SalesReporting,VK,false
NDS_MB_VK_ORDERS_EBUSINESS_SCANNER,SalesReporting,VK,false
NDS_MB_VK_ORDERS_OTHER,SalesReporting,VK,false
NDS_MB_VK_ORDERS_SALESFORCE,SalesReporting,VK,false
NDS_MB_VK_ORDERS_TELFAX,SalesReporting,VK,false
NDS_MB_VK_SALESCUSTPREVYEAR,SalesReporting,VK,false
NDS_MB_VK_SALES_BRANCHOFFICES,SalesReporting,VK,false
NDS_MB_VK_SALES_EBUSINESS_CUSTOMERAPPS,SalesReporting,VK,false
NDS_MB_VK_SALES_EBUSINESS_EPROCUREMENT,SalesReporting,VK,false
NDS_MB_VK_SALES_EBUSINESS_ESERVICES,SalesReporting,VK,false
NDS_MB_VK_SALES_EBUSINESS_ONLINESHOP,SalesReporting,VK,false
NDS_MB_VK_SALES_EBUSINESS_OTHER,SalesReporting,VK,false
NDS_MB_VK_SALES_EBUSINESS_SCANNER,SalesReporting,VK,false
NDS_MB_VK_SALES_OTHER,SalesReporting,VK,false
NDS_MB_VK_SALES_SALESFORCE,SalesReporting,VK,false
NDS_MB_VK_SALES_TELFAX,SalesReporting,VK,false
NDS_PL52100100,PLStatement,,true
NDS_PL52100200,PLStatement,,false
NDS_PL52200100,PLStatement,,true
NDS_PL52200200,PLStatement,,true
NDS_PL52200400,PLStatement,,false
NDS_PL52200500,PLStatement,,true
NDS_PL52300100,PLStatement,,true
NDS_PL52300200,PLStatement,,true
NDS_PL52300300,PLStatement,,true
NDS_PL52300400,PLStatement,,false
NDS_PL52300500,PLStatement,,true
NDS_PL52400100,PLStatement,,false
NDS_PL52400200,PLStatement,,false
NDS_PL52400300,PLStatement,,false
NDS_PL52400400,PLStatement,,false
NDS_PL52400500,PLStatement,,false
NDS_PL52500100,PLStatement,,true
NDS_PL53100100,PLStatement,,true
NDS_PL53100200,PLStatement,,true
NDS_PL53100300,PLStatement,,true
NDS_PL53100400,PLStatement,,false
NDS_PL53100500,PLStatement,,true
NDS_PL53100600,PLStatement,,true
NDS_PL53100710,PLStatement,,false
NDS_PL53100720,PLStatement,,false
NDS_PL53101200,PLStatement,,false
NDS_PL53200100,PLStatement,,false
NDS_PL53200300,PLStatement,,false
NDS_PL53200400,PLStatement,,true
NDS_PL53200510,PLStatement,,true
NDS_PL53200520,PLStatement,,true
NDS_PL53200530,PLStatement,,true
NDS_PL53200540,PLStatement,,true
NDS_PL53200550,PLStatement,,true
NDS_PL53200560,PLStatement,,true
NDS_PL53200800,PLStatement,,false
NDS_PL53200910,PLStatement,,false
NDS_PL53200920,PLStatement,,false
NDS_PL53201010,PLStatement,,true
NDS_PL53201020,PLStatement,,true
NDS_PL53201030,PLStatement,,true
NDS_PL53201300,PLStatement,,false
NDS_PL53201400,PLStatement,,false
NDS_PL53201500,PLStatement,,true
NDS_PL53301110,PLStatement,,true
NDS_PL53301120,PLStatement,,true
NDS_PL53301210,PLStatement,,true
NDS_PL53301220,PLStatement,,true
NDS_PL53301310,PLStatement,,true
NDS_PL53301320,PLStatement,,true
NDS_PL53301400,PLStatement,,true
NDS_PL53301510,PLStatement,,true
NDS_PL53301520,PLStatement,,true
NDS_PL53302100,PLStatement,,true
NDS_PL53302200,PLStatement,,true
NDS_PL53303100,PLStatement,,true
NDS_PL53303200,PLStatement,,true
NDS_PL53304000,PLStatement,,true
NDS_PL53305100,PLStatement,,true
NDS_PL53305200,PLStatement,,true
NDS_PL53305300,PLStatement,,true
NDS_PL53306100,PLStatement,,true
NDS_PL53306200,PLStatement,,true
NDS_PL53307100,PLStatement,,false
NDS_PL53307200,PLStatement,,false
NDS_PL53307300,PLStatement,,false
NDS_PL53307400,PLStatement,,false
NDS_PL53308100,PLStatement,,true
NDS_PL53308200,PLStatement,,true
NDS_PL53308300,PLStatement,,true
NDS_PL53309110,PLStatement,,false
NDS_PL53309120,PLStatement,,false
NDS_PL53309130,PLStatement,,false
NDS_PL53309210,PLStatement,,false
NDS_PL53309220,PLStatement,,false
NDS_PL53309230,PLStatement,,false
NDS_PL53309240,PLStatement,,false
NDS_PL53310100,PLStatement,,true
NDS_PL53310200,PLStatement,,true
NDS_PL53310300,PLStatement,,false
NDS_PL53310400,PLStatement,,false
NDS_PL53310500,PLStatement,,true
NDS_PL53310600,PLStatement,,false
NDS_PL53310700,PLStatement,,false
NDS_PL53311100,PLStatement,,true
NDS_PL53311200,PLStatement,,true
NDS_PL53311310,PLStatement,,true
NDS_PL53311320,PLStatement,,false
NDS_PL53311410,PLStatement,,true
NDS_PL53311420,PLStatement,,false
NDS_PL53311511,PLStatement,,false
NDS_PL53311512,PLStatement,,false
NDS_PL53311521,PLStatement,,true
NDS_PL53311522,PLStatement,,true
NDS_PL53311523,PLStatement,,true
NDS_PL53311524,PLStatement,,true
NDS_PL53311525,PLStatement,,true
NDS_PR_NUM_OF_ADM_DECEMBER,PLStatement,PrognosisNumOfAdmDecember,false
NDS_PR_NUM_OF_ADM_M_PLUS_1,PLStatement,PrognosisNumOfAdmMPlus1,false
NDS_PR_NUM_OF_ADM_M_PLUS_2,PLStatement,PrognosisNumOfAdmMPlus2,false
NDS_PR_OPERATING_RESULT,PLStatement,PrognosisOperatingResult,false
NDS_PR_SALES,PLStatement,PrognosisSales,false
